index,cluster
0,9
1,10
2,1
3,0
4,13
5,3
6,0
7,13
8,10
9,10
10,7
11,10
12,7
13,9
14,9
15,14
16,7
17,12
18,4
19,14
20,14
21,12
22,14
23,7
24,10
25,12
26,10
27,4
28,1
29,12
30,10
31,13
32,3
33,2
34,13
35,13
36,13
37,13
38,12
39,1
40,0
41,12
42,11
43,0
44,14
45,14
46,0
47,5
48,7
49,9
50,13
51,13
52,10
53,10
54,14
55,7
56,14
57,6
58,10
59,3
60,13
61,13
62,13
63,4
64,12
65,7
66,4
67,7
68,5
69,1
70,10
71,3
72,12
73,7
74,2
75,0
76,10
77,11
78,7
79,9
80,9
81,0
82,3
83,13
84,12
85,10
86,12
87,0
88,0
89,3
90,13
91,3
92,0
93,14
94,12
95,12
96,8
97,1
98,5
99,11
100,12
101,3
102,6
103,8
104,0
105,13
106,10
107,3
108,9
109,12
110,13
111,1
112,1
113,4
114,1
115,5
116,7
117,2
118,1
119,3
120,11
121,13
122,0
123,0
124,10
125,5
126,13
127,12
128,1
129,1
130,3
131,14
132,13
133,11
134,14
135,1
136,3
137,11
138,0
139,0
140,10
141,5
142,13
143,3
144,8
145,3
146,8
147,3
148,7
149,11
150,14
151,3
152,7
153,3
154,10
155,12
156,6
157,1
158,14
159,10
160,10
161,10
162,1
163,5
164,7
165,3
166,5
167,14
168,12
169,12
170,10
171,0
172,0
173,14
174,5
175,1
176,10
177,13
178,14
179,9
180,6
181,5
182,12
183,7
184,3
185,1
186,5
187,0
188,5
189,13
190,1
191,10
192,8
193,14
194,3
195,13
196,13
197,10
198,6
199,0
200,12
201,12
202,1
203,14
204,7
205,1
206,1
207,7
208,5
209,5
210,10
211,3
212,13
213,7
214,8
215,10
216,10
217,6
218,0
219,14
220,13
221,3
222,7
223,14
224,10
225,11
226,5
227,5
228,9
229,4
230,0
231,6
232,10
233,14
234,0
235,7
236,3
237,9
238,10
239,4
240,14
241,10
242,1
243,12
244,13
245,7
246,0
247,7
248,7
249,1
250,3
251,12
252,11
253,0
254,12
255,12
256,12
257,5
258,0
259,14
260,13
261,10
262,8
263,14
264,10
265,0
266,12
267,14
268,6
269,14
270,6
271,7
272,5
273,8
274,10
275,1
276,9
277,5
278,5
279,5
280,0
281,9
282,6
283,6
284,14
285,3
286,7
287,1
288,10
289,1
290,0
291,9
292,3
293,7
294,2
295,13
296,7
297,14
298,13
299,0
300,3
301,1
302,11
303,0
304,10
305,3
306,5
307,11
308,2
309,14
310,13
311,14
312,5
313,3
314,3
315,13
316,5
317,12
318,13
319,10
320,14
321,13
322,13
323,13
324,0
325,7
326,10
327,7
328,10
329,9
330,13
331,11
332,6
333,7
334,0
335,13
336,14
337,14
338,3
339,13
340,10
341,7
342,0
343,3
344,10
345,13
346,10
347,4
348,3
349,13
350,2
351,7
352,11
353,7
354,12
355,3
356,9
357,5
358,13
359,13
360,14
361,9
362,3
363,1
364,0
365,10
366,9
367,10
368,1
369,13
370,7
371,5
372,13
373,5
374,1
375,13
376,9
377,1
378,6
379,10
380,11
381,6
382,1
383,0
384,14
385,3
386,5
387,10
388,3
389,7
390,13
391,1
392,14
393,3
394,14
395,12
396,13
397,3
398,3
399,9
400,9
401,11
402,0
403,4
404,3
405,2
406,6
407,10
408,10
409,13
410,4
411,10
412,4
413,4
414,3
415,7
416,5
417,5
418,3
419,13
420,7
421,10
422,10
423,6
424,4
425,9
426,10
427,3
428,9
429,8
430,2
431,10
432,13
433,8
434,7
435,13
436,7
437,13
438,0
439,12
440,10
441,13
442,3
443,0
444,4
445,12
446,10
447,10
448,7
449,7
450,7
451,5
452,10
453,8
454,2
455,0
456,7
457,4
458,6
459,2
460,7
461,13
462,6
463,8
464,13
465,7
466,3
467,8
468,11
469,1
470,9
471,13
472,1
473,8
474,2
475,12
476,10
477,5
478,13
479,6
480,7
481,3
482,10
483,7
484,11
485,3
486,3
487,8
488,1
489,0
490,8
491,3
492,10
493,8
494,8
495,8
496,2
497,3
498,13
499,9
500,8
501,10
502,11
503,10
504,7
505,1
506,3
507,0
508,8
509,14
510,7
511,9
512,10
513,7
514,6
515,4
516,8
517,8
518,7
519,10
520,11
521,8
522,9
523,6
524,8
525,1
526,0
527,5
528,0
529,0
530,9
531,8
532,1
533,3
534,0
535,10
536,3
537,0
538,4
539,8
540,8
541,7
542,7
543,7
544,9
545,13
546,9
547,1
548,8
549,9
550,1
551,9
552,13
553,3
554,8
555,8
556,7
557,8
558,7
559,0
560,3
561,3
562,1
563,2
564,13
565,1
566,7
567,0
568,10
569,10
570,3
571,13
572,0
573,10
574,10
575,6
576,12
577,6
578,1
579,10
580,2
581,6
582,7
583,7
584,10
585,10
586,1
587,3
588,6
589,13
590,1
591,10
592,1
593,1
594,0
595,1
596,5
597,0
598,3
599,14
600,4
601,1
602,7
603,13
604,3
605,11
606,11
607,13
608,14
609,1
610,1
611,6
612,12
613,0
614,1
615,3
616,6
617,8
618,0
619,13
620,10
621,1
622,3
623,7
624,11
625,1
626,1
627,7
628,6
629,10
630,3
631,5
632,0
633,14
634,12
635,3
636,12
637,5
638,1
639,5
640,6
641,11
642,3
643,13
644,0
645,5
646,14
647,7
648,4
649,3
650,4
651,13
652,7
653,3
654,1
655,10
656,10
657,10
658,5
659,10
660,1
661,6
662,4
663,13
664,13
665,3
666,13
667,0
668,10
669,0
670,0
671,6
672,11
673,10
674,13
675,5
676,6
677,13
678,1
679,10
680,14
681,13
682,3
683,12
684,2
685,10
686,14
687,12
688,3
689,1
690,1
691,9
692,14
693,3
694,5
695,5
696,1
697,2
698,10
699,7
700,2
701,3
702,2
703,0
704,7
705,6
706,2
707,3
708,11
709,13
710,12
711,14
712,12
713,6
714,6
715,10
716,5
717,7
718,3
719,7
720,2
721,7
722,11
723,10
724,6
725,4
726,12
727,14
728,10
729,1
730,13
731,1
732,7
733,13
734,7
735,1
736,1
737,11
738,11
739,14
740,0
741,0
742,5
743,8
744,11
745,0
746,10
747,3
748,7
749,5
750,9
751,5
752,11
753,0
754,1
755,2
756,14
757,7
758,14
759,7
760,10
761,3
762,10
763,3
764,2
765,0
766,5
767,6
768,10
769,7
770,13
771,9
772,5
773,1
774,3
775,9
776,9
777,14
778,14
779,0
780,3
781,13
782,0
783,11
784,5
785,11
786,7
787,7
788,11
789,7
790,12
791,7
792,11
793,3
794,9
796,0
797,7
798,12
799,1
800,5
801,8
802,10
803,3
804,6
805,12
806,8
807,5
808,5
809,7
810,10
811,7
812,12
813,14
814,14
815,2
816,10
817,12
818,7
819,10
820,1
821,9
822,0
823,0
824,9
825,5
826,10
827,14
828,7
829,5
830,11
831,1
832,14
833,5
834,5
835,3
836,14
837,0
838,13
839,7
840,9
841,10
842,14
843,8
844,12
845,12
846,14
847,14
848,12
849,7
850,5
851,7
852,3
853,12
854,10
855,1
856,6
857,5
858,10
859,6
860,10
861,10
862,1
863,7
864,13
865,1
866,14
867,9
868,14
869,3
870,0
871,8
872,14
873,1
874,11
875,10
876,13
877,10
878,2
879,12
880,14
881,14
882,9
883,3
884,1
885,3
886,6
887,12
888,0
889,3
890,7
891,11
892,0
893,3
894,6
895,0
896,5
897,5
898,12
899,5
900,8
901,14
902,7
903,10
904,7
905,13
906,12
907,3
908,3
909,12
910,10
911,0
912,3
913,13
914,9
915,8
916,7
917,12
918,13
919,9
920,14
921,6
922,10
923,10
924,11
925,8
926,1
927,7
928,5
929,5
930,10
931,6
932,2
933,10
934,10
935,10
936,10
937,7
938,9
939,7
940,7
941,1
942,0
943,5
944,10
945,2
946,13
947,11
948,12
949,10
950,14
951,13
952,0
953,14
954,5
955,3
956,1
957,13
958,13
959,2
960,7
961,5
962,2
963,10
964,0
965,0
966,5
967,11
968,10
969,10
970,14
971,14
972,6
973,1
974,10
975,5
976,4
977,1
978,11
979,7
980,14
981,0
982,10
983,7
984,0
985,14
986,3
987,13
988,10
989,7
990,13
991,3
992,13
993,14
994,11
995,3
996,14
997,13
998,7
999,8
1000,7
1001,0
1002,9
1003,3
1004,5
1005,5
1006,14
1007,0
1008,10
1009,7
1010,13
1011,10
1012,14
1013,10
1014,7
1015,10
1016,3
1017,5
1018,14
1019,14
1020,14
1021,12
1022,14
1023,10
1024,7
1025,12
1026,14
1027,1
1028,9
1029,6
1030,6
1031,13
1032,13
1033,13
1034,5
1035,12
1036,12
1037,2
1038,13
1039,14
1040,7
1041,10
1042,7
1043,0
1044,10
1045,10
1046,14
1047,14
1048,10
1049,0
1050,7
1051,9
1052,12
1053,14
1054,14
1055,3
1056,0
1057,3
1058,4
1059,5
1060,2
1061,10
1062,0
1063,5
1064,0
1065,1
1066,7
1067,7
1068,1
1069,10
1070,10
1071,5
1072,3
1073,7
1074,3
1075,1
1076,12
1077,13
1078,0
1079,10
1080,11
1081,7
1082,10
1083,14
1084,6
1085,5
1086,1
1087,3
1088,11
1089,7
1090,7
1091,5
1092,14
1093,7
1094,9
1095,0
1096,10
1097,7
1098,5
1099,5
1100,14
1101,5
1102,6
1103,0
1104,5
1105,5
1106,10
1107,3
1108,7
1109,13
1110,3
1111,4
1112,12
1113,10
1114,1
1115,10
1116,0
1117,6
1118,1
1119,13
1120,13
1121,7
1122,10
1123,3
1124,14
1125,9
1126,6
1127,7
1128,13
1129,14
1130,9
1131,12
1132,8
1133,12
1134,14
1135,10
1136,2
1137,9
1138,5
1139,7
1140,3
1141,0
1142,11
1143,5
1144,10
1145,10
1146,10
1147,2
1148,5
1149,13
1150,11
1151,5
1152,1
1153,7
1154,7
1155,5
1156,5
1157,9
1158,9
1159,10
1160,5
1161,3
1162,7
1163,10
1164,5
1165,0
1166,14
1167,14
1168,2
1169,7
1170,6
1171,1
1172,7
1173,14
1174,11
1175,0
1176,5
1177,5
1178,8
1179,6
1180,3
1181,2
1182,12
1183,10
1184,13
1185,1
1186,8
1187,3
1188,13
1189,5
1190,2
1191,2
1192,11
1193,2
1194,10
1195,0
1196,13
1197,0
1198,10
1199,3
1200,2
1201,0
1202,5
1203,0
1204,6
1205,13
1206,5
1207,7
1208,12
1209,3
1210,1
1211,2
1212,0
1213,12
1214,13
1215,10
1216,4
1217,13
1218,14
1219,10
1220,13
1221,12
1222,10
1223,9
1224,10
1225,5
1226,13
1227,0
1228,5
1229,0
1230,9
1231,10
1232,7
1233,0
1234,1
1235,1
1236,12
1237,9
1238,4
1239,14
1240,8
1241,7
1242,6
1243,1
1244,1
1245,13
1246,5
1247,5
1248,14
1249,9
1250,5
1251,2
1252,3
1253,13
1254,6
1255,2
1256,10
1257,9
1258,0
1259,13
1260,0
1261,3
1262,5
1263,11
1264,0
1265,8
1266,3
1267,4
1268,14
1269,10
1270,13
1271,12
1272,4
1273,13
1274,12
1275,13
1276,0
1277,14
1278,4
1279,13
1280,7
1281,9
1282,13
1283,4
1284,11
1285,8
1286,3
1287,14
1288,1
1289,11
1290,13
1291,13
1292,3
1293,0
1294,14
1295,0
1296,14
1297,0
1298,0
1299,8
1300,13
1301,8
1302,1
1303,3
1304,7
1305,5
1306,4
1307,9
1308,7
1309,3
1310,4
1311,6
1312,7
1313,0
1314,11
1315,14
1316,10
1317,6
1318,2
1319,7
1320,6
1321,1
1322,10
1323,5
1324,0
1325,5
1326,13
1327,7
1328,5
1329,13
1330,10
1331,14
1332,12
1333,12
1334,10
1335,11
1336,8
1337,4
1338,13
1339,13
1340,10
1341,13
1342,0
1343,6
1344,10
1345,10
1346,7
1347,9
1348,12
1349,0
1350,7
1351,2
1352,6
1353,0
1354,14
1355,5
1356,13
1357,6
1358,5
1359,2
1360,14
1361,11
1362,3
1363,1
1364,4
1365,10
1366,12
1367,12
1368,10
1369,9
1370,13
1371,12
1372,7
1373,0
1374,7
1375,0
1376,5
1377,2
1378,3
1379,8
1380,10
1381,3
1382,1
1383,8
1384,14
1385,13
1386,3
1387,0
1388,14
1389,1
1390,14
1391,5
1392,11
1393,5
1394,14
1395,1
1396,14
1397,14
1398,3
1399,0
1400,12
1401,14
1402,5
1403,0
1404,4
1405,3
1406,7
1407,0
1408,0
1409,3
1410,9
1411,3
1412,5
1413,11
1414,10
1415,10
1416,13
1417,3
1418,3
1419,7
1420,6
1421,11
1422,0
1423,12
1424,10
1425,10
1426,5
1427,10
1428,3
1429,3
1430,9
1431,6
1432,13
1433,14
1434,13
1435,3
1436,5
1437,7
1438,9
1439,10
1440,1
1441,13
1442,5
1443,12
1444,3
1445,13
1446,7
1447,3
1448,5
1449,7
1450,4
1451,0
1452,6
1453,0
1454,2
1455,2
1456,3
1457,11
1458,14
1459,0
1460,13
1461,1
1462,10
1463,10
1464,6
1465,14
1466,2
1467,6
1468,13
1469,14
1470,10
1471,13
1472,12
1473,6
1474,1
1475,14
1476,14
1477,5
1478,8
1479,0
1480,10
1481,2
1482,6
1483,13
1484,11
1485,3
1486,2
1487,14
1488,3
1489,2
1490,13
1491,13
1492,10
1493,13
1494,1
1495,3
1496,1
1497,4
1498,9
1499,4
1500,5
1501,0
1502,14
1503,9
1504,0
1505,13
1506,13
1507,13
1508,14
1509,12
1510,0
1511,7
1512,11
1513,5
1514,14
1515,1
1516,13
1517,0
1518,6
1519,11
1520,10
1521,5
1522,13
1523,6
1524,13
1525,6
1526,10
1527,7
1528,10
1529,10
1530,14
1531,1
1532,8
1533,3
1534,7
1535,5
1536,1
1537,1
1538,10
1539,7
1540,13
1541,13
1542,8
1543,14
1544,7
1545,1
1546,6
1547,10
1548,13
1549,14
1550,14
1551,9
1552,1
1553,14
1554,1
1555,6
1556,10
1557,8
1558,9
1559,1
1560,14
1561,13
1562,0
1563,12
1564,10
1565,6
1566,7
1567,0
1568,5
1569,6
1570,3
1571,1
1572,2
1573,3
1574,8
1575,6
1576,1
1577,2
1578,1
1579,11
1580,7
1581,8
1582,10
1583,7
1584,5
1585,2
1586,7
1587,3
1588,7
1589,5
1590,12
1591,1
1592,11
1593,9
1594,9
1595,11
1596,7
1597,9
1598,1
1599,14
1600,5
1601,14
1602,3
1603,2
1604,9
1605,11
1606,13
1607,10
1608,9
1609,13
1610,13
1611,5
1612,14
1613,11
1614,10
1615,8
1616,3
1617,0
1618,5
1619,10
1620,9
1621,5
1622,13
1623,6
1624,13
1625,5
1626,5
1627,13
1628,14
1629,13
1630,1
1631,2
1632,5
1633,7
1634,7
1635,8
1636,13
1637,14
1638,14
1639,3
1640,3
1641,14
1642,6
1643,5
1644,8
1645,5
1646,4
1647,11
1648,5
1649,2
1650,7
1651,0
1652,0
1653,13
1654,10
1655,7
1656,8
1657,14
1658,7
1659,8
1660,8
1661,8
1662,12
1663,14
1664,5
1665,10
1666,14
1667,8
1668,0
1669,10
1670,3
1671,3
1672,4
1673,0
1674,12
1675,5
1676,7
1677,8
1678,13
1679,5
1680,8
1681,14
1682,8
1683,7
1684,1
1685,12
1686,0
1687,14
1688,13
1689,9
1690,13
1691,13
1692,2
1693,14
1694,13
1695,14
1696,7
1697,7
1698,13
1699,13
1700,9
1701,14
1702,3
1703,7
1704,1
1705,13
1706,5
1707,14
1708,2
1709,14
1710,12
1711,1
1712,13
1713,1
1714,3
1715,0
1716,10
1717,13
1718,11
1719,13
1720,10
1721,3
1722,13
1723,0
1724,4
1725,10
1726,1
1727,13
1728,1
1729,5
1730,11
1731,7
1732,10
1733,7
1734,8
1735,13
1736,10
1737,6
1738,8
1739,5
1740,13
1741,7
1742,14
1743,12
1744,10
1745,14
1746,3
1747,10
1748,7
1749,7
1750,11
1751,11
1752,1
1753,14
1754,8
1755,3
1756,14
1757,14
1758,9
1759,13
1760,8
1761,13
1762,0
1763,10
1764,14
1765,13
1766,1
1767,1
1768,13
1769,4
1770,14
1771,12
1772,1
1773,0
1774,6
1775,4
1776,13
1777,9
1778,14
1779,10
1780,13
1781,9
1782,7
1783,12
1784,13
1785,4
1786,14
1787,8
1788,7
1789,14
1790,7
1791,5
1792,3
1793,14
1794,10
1795,0
1796,13
1797,3
1798,0
1799,5
1800,5
1801,3
1802,13
1803,12
1804,8
1805,3
1806,6
1807,14
1808,7
1809,10
1810,6
1811,0
1812,4
1813,14
1814,12
1815,12
1816,9
1817,0
1818,5
1819,14
1820,0
1821,10
1822,9
1823,11
1824,0
1825,14
1826,10
1827,10
1828,3
1829,13
1830,9
1831,14
1832,1
1833,4
1834,7
1835,5
1836,7
1837,10
1838,3
1839,3
1840,1
1841,14
1842,9
1843,13
1844,4
1845,0
1846,5
1847,7
1848,11
1849,3
1850,2
1851,5
1852,11
1853,5
1854,2
1855,6
1856,5
1857,11
1858,6
1859,13
1860,11
1861,1
1862,1
1863,3
1864,5
1865,3
1866,7
1867,14
1868,13
1869,12
1870,14
1871,13
1872,5
1873,12
1874,5
1875,3
1876,1
1877,12
1878,5
1879,0
1880,13
1881,9
1882,12
1883,0
1884,7
1885,0
1886,14
1887,14
1888,9
1889,13
1890,9
1891,1
1892,7
1893,2
1894,2
1895,12
1896,10
1897,8
1898,12
1899,11
1900,9
1901,7
1902,14
1903,13
1904,6
1905,6
1906,11
1907,7
1908,5
1909,10
1910,5
1911,14
1912,14
1913,12
1914,13
1915,9
1916,13
1917,6
1918,0
1919,14
1920,14
1921,0
1922,0
1923,0
1924,13
1925,14
1926,14
1927,7
1928,10
1929,3
1930,7
1931,12
1932,14
1933,0
1934,12
1935,3
1936,13
1937,6
1938,5
1939,9
1940,8
1941,7
1942,13
1943,8
1944,10
1945,10
1946,13
1947,8
1948,1
1949,9
1950,7
1951,1
1952,14
1953,4
1954,11
1955,7
1956,8
1957,8
1958,14
1959,13
1960,10
1961,7
1962,8
1963,1
1964,1
1965,7
1966,9
1967,2
1968,13
1969,9
1970,3
1971,0
1972,3
1973,0
1974,3
1975,5
1976,3
1977,9
1978,5
1979,8
1980,3
1981,2
1982,4
1983,3
1984,14
1985,12
1986,14
1987,8
1988,9
1989,14
1990,2
1991,14
1992,2
1993,14
1994,12
1995,13
1996,0
1997,10
1998,4
1999,5
2000,3
2001,2
2002,12
2003,10
2004,14
2005,11
2006,12
2007,8
2008,5
2009,7
2010,2
2011,9
2012,1
2013,9
2014,2
2015,4
2016,13
2017,6
2018,12
2019,13
2020,6
2021,11
2022,7
2023,10
2024,14
2025,13
2026,3
2027,1
2028,0
2029,6
2030,7
2031,8
2032,14
2033,13
2034,1
2035,10
2036,8
2037,7
2038,0
2039,3
2040,13
2041,9
2042,3
2043,11
2044,12
2045,0
2046,10
2047,14
2048,5
2049,14
2050,14
2051,8
2052,5
2053,14
2054,7
2055,0
2056,9
2057,6
2058,5
2059,14
2060,10
2061,0
2062,9
2063,1
2064,2
2065,0
2066,12
2067,1
2068,3
2069,3
2070,7
2071,14
2072,1
2073,8
2074,10
2075,7
2076,9
2077,2
2078,7
2079,13
2080,8
2081,10
2082,5
2083,10
2084,2
2085,1
2086,0
2087,13
2088,4
2089,2
2090,13
2091,14
2092,7
2093,8
2094,10
2095,3
2096,3
2097,0
2098,3
2099,9
2100,5
2101,3
2102,14
2103,9
2104,0
2105,8
2106,11
2107,2
2108,10
2109,12
2110,0
2111,1
2112,13
2113,1
2114,3
2115,13
2116,14
2117,10
2118,9
2119,2
2120,12
2121,8
2122,0
2123,5
2124,2
2125,9
2126,2
2127,8
2128,7
2129,3
2130,12
2131,0
2132,4
2133,13
2134,10
2135,2
2136,12
2137,10
2138,7
2139,7
2140,14
2141,0
2142,0
2143,10
2144,9
2145,5
2146,6
2147,7
2148,4
2149,13
2150,7
2151,10
2152,12
2153,2
2154,9
2155,1
2156,14
2157,14
2158,10
2159,1
2160,7
2161,1
2162,10
2163,5
2164,8
2165,14
2166,5
2167,0
2168,0
2169,10
2170,13
2171,2
2172,1
2173,13
2174,0
2175,1
2176,13
2177,4
2178,3
2179,8
2180,7
2181,4
2182,11
2183,3
2184,10
2185,10
2186,8
2187,8
2188,3
2189,1
2190,1
2191,8
2192,13
2193,0
2194,10
2195,6
2196,12
2197,5
2198,8
2199,10
2200,3
2201,10
2202,7
2203,12
2204,4
2205,12
2206,10
2207,10
2208,9
2209,13
2210,1
2211,5
2212,3
2213,8
2214,13
2215,13
2216,0
2217,8
2218,13
2219,10
2220,13
2221,0
2222,9
2223,13
2224,8
2225,12
2226,6
2227,7
2228,10
2229,4
2230,1
2231,13
2232,7
2233,7
2234,13
2235,10
2236,0
2237,0
2238,11
2239,7
2240,0
2241,10
2242,10
2243,12
2244,7
2245,4
2246,5
2247,0
2248,7
2249,3
2250,3
2251,4
2252,3
2253,10
2254,9
2255,1
2256,3
2257,10
2258,1
2259,9
2260,3
2261,8
2262,0
2263,8
2264,1
2265,1
2266,10
2267,7
2268,1
2269,5
2270,13
2271,1
2272,7
2273,14
2274,11
2275,0
2276,7
2277,9
2278,5
2279,14
2280,1
2281,13
2282,1
2283,10
2284,8
2285,10
2286,4
2287,1
2288,7
2289,1
2290,1
2291,1
2292,6
2293,9
2294,1
2295,5
2296,10
2297,10
2298,10
2299,13
2300,0
2301,10
2302,9
2303,7
2304,7
2305,10
2306,8
2307,1
2308,10
2309,10
2310,3
2311,7
2312,1
2313,1
2314,9
2315,7
2316,5
2317,0
2318,13
2319,12
2320,4
2321,12
2322,3
2323,12
2324,10
2325,8
2326,0
2327,1
2328,13
2329,1
2330,6
2331,9
2332,7
2333,8
2334,1
2335,3
2336,10
2337,2
2338,8
2339,4
2340,8
2341,1
2342,4
2343,8
2344,0
2345,0
2346,11
2347,0
2348,10
2349,3
2350,14
2351,3
2352,6
2353,13
2354,6
2355,7
2356,6
2357,0
2358,6
2359,9
2360,1
2361,2
2362,1
2363,4
2364,13
2365,1
2366,9
2367,4
2368,1
2369,5
2370,1
2371,1
2372,3
2373,7
2374,3
2375,5
2376,4
2377,5
2378,13
2379,8
2380,9
2381,5
2382,0
2383,10
2384,6
2385,14
2386,0
2387,13
2388,0
2389,3
2390,3
2391,1
2392,14
2393,13
2394,0
2395,13
2396,4
2397,5
2398,11
2399,1
2400,2
2401,1
2402,14
2403,12
2404,9
2405,3
2406,5
2407,4
2408,13
2409,13
2410,10
2411,14
2412,10
2413,6
2414,13
2415,12
2416,14
2417,3
2418,4
2419,14
2420,10
2421,6
2422,5
2423,7
2424,9
2425,8
2426,11
2427,3
2428,3
2429,10
2430,5
2431,3
2432,14
2433,2
2434,7
2435,12
2436,6
2437,7
2438,10
2439,10
2440,0
2441,5
2442,7
2443,3
2444,5
2445,0
2446,0
2447,0
2448,0
2449,1
2450,14
2451,5
2452,6
2453,6
2454,13
2455,11
2456,14
2457,10
2458,14
2459,4
2460,7
2461,6
2462,14
2463,13
2464,3
2465,5
2466,8
2467,5
2468,7
2469,14
2470,14
2471,5
2472,13
2473,6
2474,14
2475,3
2476,4
2477,11
2478,0
2479,14
2480,10
2481,14
2482,0
2483,1
2484,3
2485,0
2486,5
2487,5
2488,14
2489,5
2490,12
2491,10
2492,7
2493,10
2494,9
2495,14
2496,14
2497,12
2498,13
2499,5
2500,4
2501,2
2502,10
2503,5
2504,3
2505,10
2506,3
2507,3
2508,1
2509,7
2510,14
2511,5
2512,0
2513,14
2514,7
2515,5
2516,1
2517,10
2518,13
2519,1
2520,11
2521,7
2522,10
2523,10
2524,6
2525,2
2526,10
2527,13
2528,6
2529,14
2530,1
2531,5
2532,3
2533,5
2534,13
2535,0
2536,1
2537,14
2538,13
2539,9
2540,7
2541,10
2542,14
2543,5
2544,12
2545,10
2546,0
2547,10
2548,13
2549,7
2550,8
2551,13
2552,3
2553,8
2554,13
2555,3
2556,0
2557,11
2558,5
2559,14
2560,1
2561,13
2562,8
2563,14
2564,10
2565,0
2566,14
2567,14
2568,12
2569,13
2570,0
2571,13
2572,0
2573,7
2574,13
2575,7
2576,9
2577,14
2578,13
2579,8
2580,7
2581,7
2582,14
2583,6
2584,2
2585,14
2586,13
2587,10
2588,13
2589,14
2590,3
2591,4
2592,3
2593,7
2594,0
2595,5
2596,1
2597,1
2598,5
2599,10
2600,1
2601,13
2602,7
2603,11
2604,10
2605,3
2606,3
2607,10
2608,1
2609,8
2610,4
2611,12
2612,13
2613,11
2614,13
2615,9
2616,1
2617,14
2618,4
2619,5
2620,11
2621,10
2622,14
2623,13
2624,4
2625,3
2626,14
2627,11
2628,4
2629,10
2630,13
2631,10
2632,13
2633,10
2634,5
2635,3
2636,14
2637,2
2638,10
2639,4
2640,10
2641,5
2642,14
2643,0
2645,10
2646,14
2647,13
2648,12
2649,1
2650,14
2651,9
2652,12
2653,10
2654,9
2655,4
2656,14
2657,5
2658,7
2659,7
2660,1
2661,7
2662,8
2663,5
2664,14
2665,13
2666,3
2667,2
2668,11
2669,7
2670,14
2671,14
2672,5
2673,6
2674,1
2675,0
2676,14
2677,10
2678,14
2679,7
2680,9
2681,14
2682,0
2683,11
2684,14
2685,9
2686,0
2687,0
2688,3
2689,1
2690,0
2691,5
2692,5
2693,0
2694,5
2695,4
2696,5
2697,7
2698,14
2699,8
2700,10
2701,5
2702,5
2703,7
2704,0
2705,14
2706,1
2707,1
2708,7
2709,12
2710,5
2711,8
2712,3
2713,14
2714,14
2715,13
2716,13
2717,14
2718,7
2719,10
2720,13
2721,5
2722,5
2723,1
2724,0
2725,10
2726,14
2727,10
2728,10
2729,7
2730,2
2731,11
2732,13
2733,3
2734,3
2735,9
2736,10
2737,5
2738,14
2739,8
2740,14
2741,10
2742,6
2743,0
2744,14
2745,3
2746,4
2747,14
2748,2
2749,7
2750,14
2751,10
2752,3
2753,11
2754,14
2755,13
2756,13
2757,0
2758,7
2759,0
2760,13
2761,9
2762,9
2763,0
2764,5
2765,5
2766,5
2767,0
2768,12
2769,3
2770,13
2771,2
2772,1
2773,0
2774,12
2775,5
2776,8
2777,3
2778,2
2779,14
2780,0
2781,13
2782,8
2783,1
2784,11
2785,7
2786,3
2787,13
2788,13
2789,10
2790,14
2791,10
2792,13
2793,12
2794,7
2795,3
2796,3
2797,6
2798,7
2799,0
2800,3
2801,13
2802,10
2803,5
2804,5
2805,7
2806,10
2807,10
2808,4
2809,8
2810,1
2811,10
2812,9
2813,9
2814,10
2815,7
2816,3
2817,12
2818,7
2819,4
2820,14
2821,3
2822,5
2823,14
2824,6
2825,5
2826,1
2827,7
2828,13
2829,7
2830,7
2831,7
2832,14
2833,12
2834,7
2835,12
2836,3
2837,1
2838,8
2839,6
2840,14
2841,13
2842,9
2843,3
2844,5
2845,1
2846,13
2847,11
2848,14
2849,14
2850,8
2851,14
2852,1
2853,5
2854,10
2855,7
2856,2
2857,5
2858,12
2859,2
2860,13
2861,10
2862,5
2863,12
2864,0
2865,3
2866,12
2867,7
2868,12
2869,11
2870,1
2871,0
2872,9
2873,7
2874,1
2875,10
2876,12
2877,9
2878,14
2879,10
2880,11
2881,0
2882,10
2883,8
2884,3
2885,11
2886,5
2887,4
2888,3
2889,5
2890,1
2891,12
2892,7
2893,5
2894,14
2895,0
2896,3
2897,5
2898,12
2899,5
2900,0
2901,13
2902,10
2903,10
2904,0
2905,0
2906,1
2907,0
2908,0
2909,12
2910,0
2911,9
2912,6
2913,11
2914,7
2915,12
2916,12
2917,14
2918,14
2919,14
2920,0
2921,13
2922,3
2923,7
2924,10
2925,0
2926,5
2927,12
2928,7
2929,11
2930,14
2931,3
2932,8
2933,3
2934,7
2935,12
2936,10
2937,0
2938,5
2939,3
2940,10
2941,10
2942,0
2943,14
2944,7
2945,10
2946,9
2947,1
2948,6
2949,14
2950,3
2951,14
2952,6
2953,10
2954,5
2955,14
2956,5
2957,11
2958,0
2959,10
2960,13
2961,14
2962,2
2963,13
2964,14
2965,2
2966,0
2967,7
2968,14
2969,14
2970,1
2971,10
2972,14
2973,14
2974,12
2975,10
2976,0
2977,12
2978,10
2979,7
2980,10
2981,7
2982,6
2983,10
2984,2
2985,12
2986,13
2987,6
2988,3
2989,7
2990,6
2991,7
2992,2
2993,0
2994,10
2995,5
2996,7
2997,13
2998,10
2999,9
3000,10
3001,10
3002,1
3003,4
3004,4
3005,7
3006,14
3007,2
3008,5
3009,7
3010,10
3011,5
3012,1
3013,9
3014,7
3015,14
3016,1
3017,13
3018,0
3019,10
3020,10
3021,5
3022,2
3023,10
3024,1
3025,5
3026,13
3027,3
3028,3
3029,6
3030,7
3031,4
3032,13
3033,7
3034,1
3035,10
3036,1
3037,4
3038,10
3039,3
3040,9
3041,7
3042,14
3043,10
3044,10
3045,4
3046,14
3047,5
3048,7
3049,10
3050,3
3051,5
3052,0
3053,1
3054,4
3055,8
3056,10
3057,10
3058,5
3059,7
3060,2
3061,9
3062,0
3063,12
3064,14
3065,0
3066,2
3067,7
3068,11
3069,6
3070,2
3071,0
3072,10
3073,1
3074,0
3075,3
3076,10
3077,10
3078,13
3079,12
3080,4
3081,10
3082,6
3083,3
3084,9
3085,5
3086,6
3087,3
3088,9
3089,5
3090,10
3091,5
3092,12
3093,3
3094,10
3095,1
3096,7
3097,13
3098,14
3099,9
3100,13
3101,12
3102,2
3103,2
3104,12
3105,10
3106,13
3107,13
3108,11
3109,11
3110,14
3111,12
3112,14
3113,7
3114,3
3115,1
3116,1
3117,2
3118,1
3119,11
3120,13
3121,7
3122,1
3123,14
3124,3
3125,14
3126,5
3127,5
3128,5
3129,13
3130,11
3131,13
3132,14
3133,10
3134,3
3135,2
3136,8
3137,0
3138,11
3139,12
3140,1
3141,3
3142,10
3143,6
3144,14
3145,9
3146,7
3147,7
3148,13
3149,7
3150,3
3151,13
3152,14
3153,10
3154,2
3155,3
3156,3
3157,9
3158,13
3159,13
3160,7
3161,13
3162,13
3163,3
3164,3
3165,13
3166,12
3167,13
3168,9
3169,10
3170,3
3171,7
3172,7
3173,0
3174,12
3175,0
3176,9
3177,5
3178,5
3179,11
3180,7
3181,11
3182,7
3183,7
3184,1
3185,5
3186,1
3187,10
3188,7
3189,10
3190,12
3191,12
3192,7
3193,12
3194,0
3195,14
3196,10
3197,0
3198,3
3199,10
3200,0
3201,0
3202,7
3203,9
3204,13
3205,13
3206,10
3207,7
3208,2
3209,10
3210,7
3211,14
3212,12
3213,0
3214,11
3215,3
3216,12
3217,0
3218,9
3219,14
3220,13
3221,11
3222,10
3223,7
3224,13
3225,1
3226,5
3227,12
3228,13
3229,12
3230,12
3231,7
3232,14
3233,13
3234,12
3235,5
3236,2
3237,7
3238,0
3239,8
3240,12
3241,0
3242,5
3243,10
3244,12
3245,14
3246,7
3247,5
3248,13
3249,11
3250,14
3251,13
3252,7
3253,1
3254,13
3255,1
3256,3
3257,12
3258,7
3259,3
3260,10
3261,13
3262,3
3263,5
3264,14
3265,14
3266,10
3267,11
3268,1
3269,12
3270,14
3271,5
3272,7
3273,13
3274,0
3275,0
3276,4
3277,2
3278,0
3279,14
3280,10
3281,0
3282,5
3283,1
3284,3
3285,0
3286,6
3287,12
3288,0
3289,12
3290,3
3291,12
3292,14
3293,7
3294,3
3295,12
3296,14
3297,14
3298,0
3299,7
3300,5
3301,7
3302,0
3303,11
3304,14
3305,12
3306,7
3307,10
3308,5
3309,3
3310,5
3311,14
3312,10
3313,12
3314,4
3315,0
3316,7
3317,12
3318,14
3319,10
3320,12
3321,13
3322,10
3323,10
3324,9
3325,6
3326,1
3327,5
3328,2
3329,1
3330,13
3331,13
3332,10
3333,14
3334,12
3335,4
3336,6
3337,10
3338,10
3339,0
3340,3
3341,0
3342,12
3343,7
3344,2
3345,14
3346,12
3347,14
3348,7
3349,0
3350,0
3351,13
3352,14
3353,12
3354,6
3355,7
3356,7
3357,11
3358,3
3359,10
3360,1
3361,10
3362,9
3363,7
3364,7
3365,1
3366,3
3367,12
3368,3
3369,4
3370,1
3371,10
3372,13
3373,14
3374,0
3375,10
3376,3
3377,9
3378,7
3379,7
3380,14
3381,12
3382,12
3383,10
3384,5
3385,10
3386,5
3387,2
3388,5
3389,10
3390,13
3391,6
3392,1
3393,3
3394,12
3395,13
3396,8
3397,3
3398,2
3399,8
3400,5
3401,7
3402,1
3403,14
3404,3
3405,5
3406,7
3407,8
3408,4
3409,0
3410,5
3411,13
3412,10
3413,10
3414,6
3415,1
3416,3
3417,12
3418,9
3419,3
3420,10
3421,7
3422,9
3423,3
3424,1
3425,9
3426,7
3427,14
3428,3
3429,11
3430,14
3431,6
3432,9
3433,9
3434,14
3435,7
3436,5
3437,10
3438,2
3439,2
3440,0
3441,10
3442,12
3443,1
3444,10
3445,9
3446,13
3447,13
3448,14
3449,0
3450,10
3451,13
3452,14
3453,14
3454,2
3455,12
3456,1
3457,4
3458,4
3459,3
3460,5
3461,6
3462,1
3463,1
3464,13
3465,12
3466,1
3467,7
3468,1
3469,9
3470,5
3471,13
3472,12
3473,6
3474,0
3475,7
3476,0
3477,14
3478,14
3479,10
3480,14
3481,14
3482,14
3483,9
3484,14
3485,1
3486,13
3487,7
3488,4
3489,1
3490,9
3491,1
3492,1
3493,9
3494,11
3495,7
3496,11
3497,1
3498,11
3499,12
3500,3
3501,1
3502,3
3503,0
3504,9
3505,6
3506,7
3507,9
3508,7
3509,14
3510,10
3511,0
3512,9
3513,7
3514,10
3515,10
3516,11
3517,13
3518,4
3519,4
3520,5
3521,5
3522,7
3523,6
3524,3
3525,5
3526,2
3527,0
3528,7
3529,3
3530,9
3531,12
3532,6
3533,5
3534,7
3535,10
3536,13
3537,1
3538,3
3539,12
3540,5
3541,1
3542,1
3543,10
3544,11
3545,3
3546,7
3547,11
3548,5
3549,10
3550,13
3551,0
3552,13
3553,10
3554,9
3555,7
3556,6
3557,12
3558,10
3559,3
3560,3
3561,6
3562,13
3563,9
3564,13
3565,9
3566,7
3567,7
3568,10
3569,3
3570,4
3571,1
3572,5
3573,3
3574,10
3575,13
3576,14
3577,1
3578,11
3579,9
3580,10
3581,3
3582,9
3583,7
3584,9
3585,9
3586,0
3587,6
3588,1
3589,0
3590,2
3591,11
3592,5
3593,0
3594,10
3595,4
3596,1
3597,7
3598,0
3599,1
3600,9
3601,11
3602,13
3603,10
3604,4
3605,14
3606,3
3607,6
3608,14
3609,4
3610,10
3611,13
3612,1
3613,5
3614,13
3615,7
3616,5
3617,8
3618,10
3619,12
3620,4
3621,0
3622,0
3623,1
3624,10
3625,11
3626,13
3627,9
3628,10
3629,14
3630,13
3631,10
3632,12
3633,0
3634,1
3635,10
3636,13
3637,3
3638,6
3639,7
3640,7
3641,9
3642,7
3643,12
3644,7
3645,10
3646,5
3647,13
3648,10
3649,11
3650,5
3651,2
3652,10
3653,0
3654,5
3655,10
3656,1
3657,5
3658,7
3659,10
3660,10
3661,10
3662,1
3663,10
3664,2
3665,3
3666,1
3667,10
3668,9
3669,0
3670,6
3671,3
3672,1
3673,13
3674,13
3675,3
3676,7
3677,12
3678,13
3679,1
3680,0
3681,10
3682,5
3683,3
3684,0
3685,13
3686,10
3687,10
3688,5
3689,7
3690,2
3691,5
3692,10
3693,1
3694,3
3695,7
3696,7
3697,10
3698,10
3699,5
3700,4
3701,10
3702,13
3703,1
3704,10
3705,0
3706,11
3707,7
3708,13
3709,5
3710,5
3711,1
3712,13
3713,0
3714,7
3715,13
3716,12
3717,7
3718,7
3719,3
3720,6
3721,3
3722,12
3723,1
3724,14
3725,11
3726,9
3727,6
3728,3
3729,3
3730,10
3731,0
3732,2
3733,14
3734,13
3735,5
3736,14
3737,10
3738,10
3739,1
3740,4
3741,10
3742,2
3743,9
3744,7
3745,3
3746,0
3747,14
3748,1
3749,1
3750,3
3751,14
3752,4
3753,10
3754,13
3755,0
3756,14
3757,11
3758,0
3759,9
3760,14
3761,7
3762,14
3763,10
3764,10
3765,0
3766,12
3767,0
3768,11
3769,3
3770,9
3771,13
3772,14
3773,0
3774,13
3775,11
3776,10
3777,11
3778,14
3779,10
3780,3
3781,11
3782,4
3783,0
3784,1
3785,6
3786,13
3787,5
3788,0
3789,0
3790,0
3791,5
3792,14
3793,5
3794,3
3795,12
3796,5
3797,13
3798,1
3799,10
3800,0
3801,5
3802,5
3803,1
3804,10
3805,6
3806,12
3807,12
3808,14
3809,3
3810,0
3811,7
3812,2
3813,2
3814,4
3815,5
3816,14
3817,1
3818,5
3819,13
3820,5
3821,13
3822,9
3823,10
3824,13
3825,7
3826,0
3827,7
3828,4
3829,14
3830,7
3831,3
3832,1
3833,7
3834,7
3835,14
3836,14
3837,13
3838,14
3839,10
3840,7
3841,5
3842,2
3843,2
3844,12
3845,0
3846,14
3847,7
3848,0
3849,4
3850,14
3851,9
3852,5
3853,10
3854,13
3855,14
3856,5
3857,13
3858,12
3859,3
3860,12
3861,3
3862,13
3863,7
3864,7
3865,10
3866,10
3867,13
3868,13
3869,2
3870,12
3871,10
3872,10
3873,0
3874,14
3875,7
3876,7
3877,11
3878,14
3879,7
3880,5
3881,1
3882,10
3883,7
3884,3
3885,1
3886,7
3887,5
3888,10
3889,0
3890,1
3891,2
3892,11
3893,7
3894,5
3895,10
3896,5
3897,14
3898,14
3899,5
3900,10
3901,13
3902,6
3903,10
3904,2
3905,13
3906,10
3907,12
3908,5
3909,0
3910,0
3911,10
3912,4
3913,5
3914,13
3915,14
3916,2
3917,6
3918,9
3919,13
3920,13
3921,7
3922,9
3923,3
3924,10
3925,2
3926,0
3927,12
3928,1
3929,5
3930,7
3931,13
3932,12
3933,2
3934,0
3935,7
3936,0
3937,5
3938,10
3939,9
3940,13
3941,4
3942,9
3943,11
3944,7
3945,7
3946,4
3947,4
3948,11
3949,5
3950,7
3951,3
3952,1
3953,7
3954,2
3955,0
3956,10
3957,1
3958,3
3959,5
3960,12
3961,0
3962,5
3963,5
3964,10
3965,10
3966,7
3967,1
3968,7
3969,13
3970,5
3971,1
3972,14
3973,7
3974,2
3975,5
3976,13
3977,10
3978,1
3979,1
3980,0
3981,6
3982,3
3983,13
3984,10
3985,12
3986,7
3987,14
3988,2
3989,12
3990,5
3991,14
3992,12
3993,0
3994,6
3995,1
3996,1
3997,7
3998,10
3999,7
4000,14
4001,3
4002,10
4003,14
4004,14
4005,4
4006,13
4007,5
4008,12
4009,10
4010,6
4011,10
4012,6
4013,14
4014,6
4015,12
4016,12
4017,0
4018,13
4019,5
4020,6
4021,2
4022,7
4023,7
4024,0
4025,12
4026,10
4027,14
4028,10
4029,4
4030,13
4031,7
4032,0
4033,11
4034,0
4035,14
4036,13
4037,3
4038,7
4039,11
4040,14
4041,9
4042,2
4043,12
4044,5
4045,10
4046,11
4047,5
4048,6
4049,6
4050,12
4051,13
4052,1
4053,12
4054,11
4055,12
4056,5
4057,2
4058,13
4059,3
4060,9
4061,0
4062,0
4063,14
4064,10
4065,5
4066,0
4067,10
4068,13
4069,0
4070,3
4071,1
4072,2
4073,7
4074,13
4075,0
4076,14
4077,11
4078,4
4079,7
4080,0
4081,7
4082,0
4083,3
4084,11
4085,5
4086,9
4087,7
4088,13
4089,10
4090,13
4091,9
4092,10
4093,3
4094,3
4095,14
4096,13
4097,5
4098,10
4099,6
4100,0
4101,12
4102,11
4103,13
4104,9
4105,9
4106,13
4107,10
4108,7
4109,0
4110,3
4111,11
4112,14
4113,7
4114,12
4115,0
4116,1
4117,10
4118,11
4119,7
4120,14
4121,7
4122,7
4123,2
4124,12
4125,11
4126,11
4127,5
4128,12
4129,14
4130,13
4131,10
4132,13
4133,10
4134,14
4135,14
4136,5
4137,9
4138,6
4139,10
4140,5
4141,14
4142,3
4143,2
4144,14
4145,12
4146,12
4147,14
4148,13
4149,1
4150,11
4151,10
4152,3
4153,0
4154,10
4155,11
4156,11
4157,14
4158,14
4159,10
4160,13
4161,3
4162,3
4163,10
4164,3
4165,10
4166,10
4167,13
4168,0
4169,0
4170,10
4171,1
4172,2
4173,9
4174,0
4175,3
4176,7
4177,0
4178,5
4179,7
4180,7
4181,0
4182,4
4183,1
4184,13
4185,5
4186,1
4187,12
4188,10
4189,5
4190,0
4191,14
4192,14
4193,10
4194,14
4195,3
4196,2
4197,12
4198,5
4199,11
4200,10
4201,13
4202,13
4203,10
4204,14
4205,11
4206,0
4207,14
4208,0
4209,2
4210,14
4211,14
4212,12
4213,12
4214,14
4215,14
4216,12
4217,10
4218,2
4219,2
4220,10
4221,7
4222,12
4223,5
4224,12
4225,5
4226,11
4227,7
4228,3
4229,9
4230,13
4231,14
4232,5
4233,7
4234,1
4235,12
4236,7
4237,13
4238,10
4239,9
4240,11
4241,5
4242,0
4243,1
4244,13
4245,14
4246,5
4247,5
4248,0
4249,6
4250,14
4251,13
4252,14
4253,14
4254,5
4255,13
4256,6
4257,10
4258,14
4259,10
4260,7
4261,0
4262,6
4263,5
4264,7
4265,5
4266,10
4267,3
4268,2
4269,9
4270,6
4271,1
4272,13
4273,7
4274,7
4275,7
4276,10
4277,12
4278,10
4279,7
4280,11
4281,5
4282,4
4283,7
4284,1
4285,10
4286,0
4287,5
4288,4
4289,3
4290,12
4291,4
4292,0
4293,13
4294,0
4295,0
4296,6
4297,13
4298,12
4299,1
4300,10
4301,13
4302,12
4303,11
4304,0
4305,14
4306,3
4307,13
4308,1
4309,7
4310,3
4311,13
4312,7
4313,2
4314,2
4315,11
4316,7
4317,2
4318,0
4319,3
4320,14
4321,0
4322,10
4323,10
4324,3
4325,10
4326,12
4327,5
4328,1
4329,9
4330,13
4331,9
4332,11
4333,11
4334,2
4335,13
4336,5
4337,5
4338,5
4339,10
4340,9
4341,13
4342,1
4343,7
4344,10
4345,2
4346,5
4347,3
4348,3
4349,2
4350,5
4351,10
4352,9
4353,3
4354,5
4355,0
4356,1
4357,3
4358,10
4359,13
4360,9
4361,6
4362,10
4363,14
4364,11
4365,13
4366,1
4367,5
4368,12
4369,13
4370,9
4371,3
4372,4
4373,5
4374,14
4375,5
4376,0
4377,7
4378,14
4379,9
4380,12
4381,10
4382,14
4383,14
4384,14
4385,10
4386,2
4387,5
4388,11
4389,6
4390,6
4391,7
4392,0
4393,10
4394,14
4395,0
4396,0
4397,10
4398,12
4399,14
4400,14
4401,0
4402,3
4403,14
4404,7
4405,9
4406,10
4407,9
4408,4
4409,9
4410,14
4411,4
4412,11
4413,6
4414,3
4415,5
4416,10
4417,14
4418,14
4419,10
4420,3
4421,5
4422,7
4423,0
4424,12
4425,10
4426,3
4427,3
4428,14
4429,12
4430,7
4431,14
4432,4
4433,11
4434,2
4435,10
4436,5
4437,10
4438,14
4439,14
4440,11
4441,10
4442,13
4443,12
4444,11
4445,9
4446,5
4447,14
4448,7
4449,7
4450,3
4451,6
4452,1
4453,9
4454,0
4455,3
4456,14
4457,3
4458,13
4459,13
4460,11
4461,14
4462,0
4463,10
4464,11
4465,14
4466,5
4467,3
4468,14
4469,3
4470,7
4471,0
4472,14
4473,7
4474,11
4475,1
4476,5
4477,11
4478,1
4479,4
4480,13
4481,13
4482,1
4483,11
4484,4
4485,4
4486,13
4487,3
4488,10
4489,11
4490,7
4491,9
4492,12
4493,5
4494,5
4495,6
4496,0
4497,14
4498,5
4499,9
4500,2
4501,10
4502,5
4503,6
4504,5
4505,12
4506,10
4507,4
4508,3
4509,3
4510,13
4511,13
4512,3
4513,11
4514,10
4515,0
4516,14
4517,12
4518,0
4519,12
4520,2
4521,7
4522,12
4523,5
4524,5
4525,7
4526,1
4527,4
4528,7
4529,2
4530,10
4531,13
4532,13
4533,10
4534,13
4535,3
4536,0
4537,1
4538,3
4539,13
4540,4
4541,2
4542,5
4543,2
4544,0
4545,3
4546,9
4547,10
4548,6
4549,5
4550,6
4551,3
4552,7
4553,2
4554,7
4555,7
4556,1
4557,6
4558,3
4559,9
4560,10
4561,10
4562,6
4563,4
4564,1
4565,9
4566,13
4567,2
4568,10
4569,2
4570,9
4571,7
4572,10
4573,11
4574,6
4575,14
4576,13
4577,3
4578,7
4579,1
4580,14
4581,0
4582,0
4583,3
4584,14
4585,10
4586,12
4587,1
4588,4
4589,13
4590,13
4591,5
4592,10
4593,5
4594,4
4595,7
4596,3
4597,7
4598,4
4599,3
4600,10
4601,7
4602,8
4603,14
4604,5
4605,6
4606,3
4607,11
4608,6
4609,2
4610,7
4611,11
4612,11
4613,1
4614,7
4615,12
4616,5
4617,2
4618,10
4619,1
4620,11
4621,7
4622,0
4623,3
4624,10
4625,13
4626,10
4627,13
4628,6
4629,7
4630,13
4631,3
4632,10
4633,11
4634,10
4635,7
4636,1
4637,7
4638,13
4639,1
4640,13
4641,7
4642,13
4643,3
4644,10
4645,2
4646,9
4647,9
4648,7
4649,5
4650,12
4651,13
4652,10
4653,3
4654,14
4655,13
4656,10
4657,5
4658,13
4659,5
4660,3
4661,13
4662,6
4663,9
4664,3
4665,5
4666,5
4667,7
4668,5
4669,12
4670,5
4671,14
4672,5
4673,2
4674,14
4675,9
4676,1
4677,9
4678,12
4679,14
4680,7
4681,12
4682,5
4683,12
4684,14
4685,12
4686,14
4687,9
4688,12
4689,4
4690,14
4691,11
4692,1
4693,5
4694,12
4695,0
4696,14
4697,3
4698,4
4699,1
4700,10
4701,12
4702,10
4703,12
4704,5
4705,5
4706,5
4707,5
4708,12
4709,12
4710,7
4711,2
4712,12
4713,9
4714,12
4715,7
4716,3
4717,1
4718,10
4719,5
4720,9
4721,9
4722,13
4723,1
4724,4
4725,9
4726,10
4727,12
4728,13
4729,14
4730,7
4731,5
4732,11
4733,3
4734,13
4735,14
4736,12
4737,4
4738,6
4739,13
4740,10
4741,3
4742,10
4743,13
4744,7
4745,13
4746,7
4747,12
4748,13
4749,10
4750,0
4751,5
4752,3
4753,1
4754,7
4755,7
4756,13
4757,1
4758,10
4759,12
4760,10
4761,3
4762,3
4763,3
4764,0
4765,9
4766,13
4767,5
4768,3
4769,3
4770,6
4771,9
4772,14
4773,14
4774,9
4775,10
4776,14
4777,10
4778,0
4779,12
4780,3
4781,1
4782,10
4783,7
4784,7
4785,1
4786,7
4787,3
4788,9
4789,10
4790,10
4791,1
4792,3
4793,6
4794,5
4795,10
4796,13
4797,5
4798,5
4799,10
4800,0
4801,3
4802,7
4803,2
4804,13
4805,10
4806,3
4807,6
4808,10
4809,10
4810,14
4811,4
4812,2
4813,9
4814,14
4815,13
4816,7
4817,10
4818,9
4819,3
4820,10
4821,2
4822,6
4823,3
4824,9
4825,12
4826,6
4827,3
4828,7
4829,1
4830,0
4831,9
4832,3
4833,1
4834,1
4835,9
4836,14
4837,13
4838,7
4839,10
4840,1
4841,3
4842,11
4843,13
4844,5
4845,1
4846,7
4847,9
4848,7
4849,4
4850,10
4851,6
4852,7
4853,13
4854,3
4855,0
4856,6
4857,1
4858,3
4859,7
4860,12
4861,0
4862,13
4863,13
4864,10
4865,9
4866,6
4867,7
4868,1
4869,13
4870,3
4871,5
4872,13
4873,7
4874,1
4875,1
4876,1
4877,12
4878,12
4879,10
4880,10
4881,9
4882,7
4883,10
4884,5
4885,13
4886,11
4887,1
4888,3
4889,7
4890,5
4891,2
4892,2
4893,10
4894,12
4895,9
4896,12
4897,4
4898,10
4899,2
4900,0
4901,0
4902,1
4903,13
4904,7
4905,1
4906,12
4907,1
4908,12
4909,11
4910,7
4911,10
4912,7
4913,3
4914,7
4915,4
4916,11
4917,1
4918,0
4919,6
4920,3
4921,13
4922,5
4923,14
4924,14
4925,5
4926,0
4927,10
4928,3
4929,14
4930,14
4931,5
4932,2
4933,1
4934,5
4935,12
4936,13
4937,10
4938,10
4939,10
4940,5
4941,13
4942,9
4943,5
4944,5
4945,5
4946,0
4947,5
4948,13
4949,7
4950,7
4951,10
4952,7
4953,5
4954,5
4955,2
4956,7
4957,13
4958,7
4959,10
4960,5
4961,3
4962,12
4963,14
4964,3
4965,5
4966,12
4967,14
4968,5
4969,9
4970,10
4971,7
4972,14
4973,14
4974,14
4975,3
4976,3
4977,5
4978,14
4979,0
4980,14
4981,6
4982,1
4983,3
4984,4
4985,11
4986,12
4987,13
4988,11
4989,7
4990,7
4991,5
4992,10
4993,10
4994,12
4995,5
4996,7
4997,11
4998,10
4999,0
5000,4
5001,5
5002,4
5003,6
5004,12
5005,2
5006,12
5007,14
5008,13
5009,3
5010,11
5011,0
5012,8
5013,13
5014,10
5015,6
5016,1
5017,10
5018,7
5019,14
5020,13
5021,5
5022,3
5023,12
5024,4
5025,13
5026,12
5027,13
5028,14
5029,10
5030,7
5031,5
5032,12
5033,14
5034,12
5035,0
5036,10
5037,0
5038,9
5039,5
5040,2
5041,1
5042,10
5043,5
5044,3
5045,10
5046,11
5047,7
5048,5
5049,5
5050,10
5051,12
5052,7
5053,0
5054,7
5055,0
5056,6
5057,10
5058,10
5059,7
5060,10
5061,13
5062,5
5063,9
5064,13
5065,5
5066,14
5067,9
5068,6
5069,2
5070,10
5071,3
5072,14
5073,11
5074,11
5075,5
5076,10
5077,9
5078,5
5079,14
5080,7
5081,12
5082,6
5083,7
5084,6
5085,14
5086,10
5087,14
5088,14
5089,14
5090,9
5091,12
5092,14
5093,7
5094,1
5095,5
5096,7
5097,5
5098,14
5099,10
5100,0
5101,13
5102,13
5103,14
5104,7
5105,2
5106,3
5107,10
5108,7
5109,5
5110,7
5111,5
5112,1
5113,9
5114,7
5115,14
5116,10
5117,12
5118,1
5119,1
5120,10
5121,10
5122,13
5123,13
5124,10
5125,3
5126,1
5127,13
5128,14
5129,14
5130,1
5131,14
5132,0
5133,1
5134,7
5135,13
5136,5
5137,1
5138,3
5139,13
5140,6
5141,14
5142,9
5143,6
5144,6
5145,1
5146,3
5147,5
5148,14
5149,2
5150,10
5151,7
5152,11
5153,5
5154,5
5155,14
5156,14
5157,14
5158,13
5159,13
5160,5
5161,1
5162,3
5163,10
5164,5
5165,10
5166,0
5167,6
5168,3
5169,5
5170,5
5171,11
5172,3
5173,5
5174,12
5175,13
5176,2
5177,7
5178,2
5179,2
5180,13
5181,1
5182,12
5183,7
5184,5
5185,5
5186,5
5187,1
5188,13
5189,12
5190,7
5191,11
5192,5
5193,6
5194,6
5195,5
5196,1
5197,10
5198,6
5199,0
5200,5
5201,7
5202,14
5203,10
5204,1
5205,1
5206,11
5207,9
5208,0
5209,11
5210,5
5211,14
5212,5
5213,6
5214,0
5215,2
5216,10
5217,5
5218,6
5219,3
5220,14
5221,7
5222,10
5223,9
5224,7
5225,13
5226,7
5227,13
5228,10
5229,12
5230,3
5231,5
5232,6
5233,0
5234,5
5235,0
5236,14
5237,3
5238,5
5239,9
5240,0
5241,7
5242,13
5243,14
5244,13
5245,9
5246,7
5247,6
5248,7
5249,12
5250,7
5251,7
5252,10
5253,5
5254,12
5255,12
5256,7
5257,5
5258,5
5259,5
5260,7
5261,5
5262,0
5263,0
5264,3
5265,14
5266,5
5267,10
5268,5
5269,1
5270,4
5271,9
5272,3
5273,5
5274,5
5275,12
5276,3
5277,0
5278,0
5279,2
5280,10
5281,3
5282,6
5283,1
5284,5
5285,14
5286,4
5287,5
5288,5
5289,0
5290,14
5291,7
5292,1
5293,10
5294,0
5295,5
5296,12
5297,10
5298,5
5299,5
5300,14
5301,1
5302,10
5303,10
5304,5
5305,6
5306,7
5307,5
5308,3
5309,14
5310,7
5311,7
5312,5
5313,13
5314,2
5315,12
5316,10
5317,3
5318,7
5319,2
5320,3
5321,14
5322,12
5323,0
5324,12
5325,14
5326,1
5327,6
5328,12
5329,5
5330,5
5331,2
5332,5
5333,1
5334,5
5335,13
5336,9
5337,2
5338,7
5339,13
5340,14
5341,13
5342,5
5343,5
5344,5
5345,5
5346,6
5347,5
5348,4
5349,7
5350,13
5351,14
5352,3
5353,1
5354,5
5355,4
5356,9
5357,7
5358,13
5359,13
5360,14
5361,4
5362,1
5363,14
5364,5
5365,14
5366,5
5367,3
5368,6
5369,1
5370,5
5371,7
5372,5
5373,10
5374,14
5375,1
5376,12
5377,0
5378,5
5379,5
5380,7
5381,1
5382,4
5383,14
5384,0
5385,1
5386,7
5387,10
5388,1
5389,5
5390,13
5391,1
5392,13
5393,0
5394,12
5395,5
5396,3
5397,7
5398,0
5399,10
5400,1
5401,13
5402,9
5403,13
5404,0
5405,2
5406,11
5407,14
5408,12
5409,9
5410,9
5411,4
5412,0
5413,10
5414,7
5415,10
5416,9
5417,1
5418,0
5419,3
5420,5
5421,7
5422,9
5423,11
5424,14
5425,10
5426,1
5427,12
5428,7
5429,10
5430,13
5431,5
5432,7
5433,0
5434,7
5435,12
5436,5
5437,13
5438,3
5439,10
5440,1
5441,11
5442,11
5443,12
5444,5
5445,10
5446,10
5447,12
5448,7
5449,7
5450,13
5451,10
5452,9
5453,10
5454,12
5455,11
5456,12
5457,9
5458,7
5459,0
5460,5
5461,10
5462,1
5463,3
5464,7
5465,3
5466,7
5467,13
5468,1
5469,7
5470,3
5471,13
5472,11
5473,10
5474,7
5475,9
5476,9
5477,5
5478,7
5479,10
5480,3
5481,0
5482,9
5483,1
5484,10
5485,12
5486,12
5487,5
5488,7
5489,1
5490,9
5491,3
5492,4
5493,7
5494,0
5495,3
5496,10
5497,13
5498,12
5499,0
5500,2
5501,14
5502,5
5503,6
5504,14
5505,3
5506,7
5507,12
5508,0
5509,5
5510,10
5511,3
5512,12
5513,10
5514,2
5515,3
5516,7
5517,10
5518,3
5519,7
5520,7
5521,9
5522,14
5523,10
5524,11
5525,5
5526,14
5527,7
5528,0
5529,4
5530,11
5531,14
5532,7
5533,5
5534,14
5535,13
5536,12
5537,10
5538,3
5539,7
5540,0
5541,3
5542,13
5543,10
5544,5
5545,12
5546,13
5547,10
5548,5
5549,12
5550,9
5551,5
5552,10
5553,6
5554,10
5555,9
5556,10
5557,0
5558,3
5559,14
5560,2
5561,6
5562,4
5563,10
5564,2
5565,14
5566,6
5567,13
5568,12
5569,7
5570,7
5571,0
5572,10
5573,10
5574,13
5575,10
5576,7
5577,0
5578,12
5579,1
5580,3
5581,13
5582,14
5583,1
5584,10
5585,9
5586,0
5587,2
5588,0
5589,3
5590,3
5591,1
5592,5
5593,3
5594,7
5595,6
5596,2
5597,7
5598,7
5599,10
5600,4
5601,13
5602,13
5603,14
5604,0
5605,0
5606,13
5607,3
5608,3
5609,14
5610,13
5611,10
5612,7
5613,0
5614,3
5615,7
5616,4
5617,12
5618,5
5619,11
5620,6
5621,11
5622,9
5623,0
5624,10
5625,0
5626,7
5627,12
5628,3
5629,13
5630,11
5631,10
5632,6
5633,13
5634,9
5635,10
5636,0
5637,3
5638,12
5639,3
5640,1
5641,0
5642,5
5643,13
5644,7
5645,0
5646,14
5647,12
5648,7
5649,4
5650,4
5651,7
5652,3
5653,12
5654,0
5655,7
5656,12
5657,2
5658,0
5659,5
5660,3
5661,10
5662,9
5663,14
5664,7
5665,7
5666,9
5667,5
5668,10
5669,5
5670,11
5671,1
5672,10
5673,5
5674,10
5675,2
5676,7
5677,13
5678,1
5679,7
5680,3
5681,10
5682,0
5683,2
5684,0
5685,13
5686,1
5687,14
5688,14
5689,5
5690,12
5691,10
5692,9
5693,9
5694,13
5695,3
5696,10
5697,1
5698,7
5699,1
5700,0
5701,13
5702,7
5703,11
5704,10
5705,5
5706,11
5707,11
5708,1
5709,13
5710,10
5711,5
5712,0
5713,11
5714,2
5715,9
5716,12
5717,1
5718,14
5719,10
5720,13
5721,3
5722,14
5723,12
5724,7
5725,13
5726,13
5727,0
5728,13
5729,10
5730,10
5731,13
5732,1
5733,9
5734,10
5735,7
5736,0
5737,5
5738,14
5739,10
5740,9
5741,3
5742,9
5743,12
5744,4
5745,7
5746,0
5747,0
5748,12
5749,7
5750,1
5751,9
5752,2
5753,4
5754,3
5755,0
5756,14
5757,10
5758,3
5759,14
5760,10
5761,10
5762,7
5763,12
5764,10
5765,14
5766,14
5767,14
5768,7
5769,10
5770,5
5771,3
5772,7
5773,0
5774,1
5775,9
5776,12
5777,12
5778,11
5779,9
5780,13
5781,7
5782,0
5783,7
5784,13
5785,5
5786,1
5787,3
5788,7
5789,13
5790,5
5791,9
5792,7
5793,7
5794,0
5795,7
5796,0
5797,7
5798,9
5799,10
5800,13
5801,11
5802,12
5803,1
5804,3
5805,14
5806,3
5807,0
5808,10
5809,0
5810,1
5811,12
5812,12
5813,10
5814,10
5815,12
5816,5
5817,3
5818,1
5819,6
5820,9
5821,7
5822,13
5823,1
5824,14
5825,10
5826,11
5827,4
5828,8
5829,1
5830,13
5831,11
5832,13
5833,11
5834,3
5835,14
5836,3
5837,12
5838,1
5839,13
5840,14
5841,3
5842,7
5843,11
5844,5
5845,10
5846,0
5847,3
5848,3
5849,7
5850,13
5851,1
5852,6
5853,3
5854,0
5855,2
5856,9
5857,1
5858,0
5859,1
5860,10
5861,10
5862,2
5863,10
5864,10
5865,7
5866,10
5867,14
5868,2
5869,0
5870,10
5871,12
5872,3
5873,5
5874,7
5875,0
5876,0
5877,1
5878,7
5879,10
5880,11
5881,14
5882,11
5883,11
5884,13
5885,3
5886,3
5887,7
5888,7
5889,10
5890,14
5891,0
5892,9
5893,14
5894,5
5895,11
5896,6
5897,13
5898,0
5899,2
5900,13
5901,0
5902,2
5903,11
5904,7
5905,2
5906,5
5907,7
5908,0
5909,7
5910,14
5911,12
5912,10
5913,1
5914,6
5915,13
5916,5
5917,12
5918,7
5919,11
5920,2
5921,14
5922,0
5923,9
5924,13
5925,9
5926,0
5927,0
5928,7
5929,12
5930,7
5931,13
5932,3
5933,13
5934,1
5935,5
5936,1
5937,7
5938,7
5939,7
5940,0
5941,1
5942,13
5943,1
5944,7
5945,10
5946,4
5947,14
5948,3
5949,5
5950,3
5951,1
5952,0
5953,1
5954,13
5955,14
5956,10
5957,9
5958,0
5959,12
5960,5
5961,7
5962,1
5963,10
5964,7
5965,5
5966,7
5967,10
5968,10
5969,3
5970,0
5971,10
5972,12
5973,5
5974,2
5975,4
5976,7
5977,10
5978,12
5979,7
5980,0
5981,7
5982,1
5983,9
5984,10
5985,10
5986,10
5987,5
5988,10
5989,2
5990,3
5991,3
5992,10
5993,0
5994,10
5995,7
5996,4
5997,1
5998,10
5999,3
6000,7
6001,1
6002,11
6003,4
6004,3
6005,3
6006,10
6007,10
6008,3
6009,1
6010,10
6011,3
6012,3
6013,6
6014,10
6015,3
6016,10
6017,11
6018,13
6019,1
6020,0
6021,12
6022,3
6023,2
6024,1
6025,10
6026,5
6027,10
6028,7
6029,13
6030,9
6031,3
6032,9
6033,3
6034,9
6035,10
6036,13
6037,1
6038,0
6039,0
6040,13
6041,0
6042,7
6043,9
6044,3
6045,3
6046,0
6047,9
6048,1
6049,13
6050,3
6051,2
6052,10
6053,7
6054,7
6055,1
6056,12
6057,3
6058,1
6059,7
6060,7
6061,3
6062,6
6063,3
6064,0
6065,0
6066,12
6067,13
6068,0
6069,10
6070,1
6071,9
6072,6
6073,10
6074,7
6075,6
6076,3
6077,2
6078,2
6079,9
6080,6
6081,0
6082,12
6083,7
6084,0
6085,13
6086,10
6087,1
6088,0
6089,2
6090,9
6091,14
6092,3
6093,13
6094,13
6095,0
6096,14
6097,10
6098,10
6099,7
6100,10
6101,6
6102,4
6103,3
6104,4
6105,13
6106,3
6107,7
6108,3
6109,13
6110,10
6111,0
6112,10
6113,2
6114,3
6115,13
6116,1
6117,10
6118,9
6119,7
6120,13
6121,1
6122,2
6123,2
6124,1
6125,0
6126,4
6127,1
6128,10
6129,10
6130,7
6131,3
6132,10
6133,1
6134,0
6135,7
6136,0
6137,7
6138,3
6139,13
6140,1
6141,12
6142,1
6143,14
6144,0
6145,9
6146,1
6147,3
6148,3
6149,6
6150,10
6151,5
6152,4
6153,1
6154,4
6155,3
6156,3
6157,1
6158,10
6159,9
6160,14
6161,0
6162,13
6163,7
6164,13
6165,13
6166,7
6167,5
6168,1
6169,10
6170,10
6171,7
6172,0
6173,9
6174,7
6175,7
6176,0
6177,1
6178,6
6179,10
6180,0
6181,6
6182,14
6183,2
6184,10
6185,10
6186,14
6187,3
6188,7
6189,1
6190,1
6191,9
6192,10
6193,0
6194,10
6195,12
6196,10
6197,13
6198,4
6199,7
6200,7
6201,14
6202,6
6203,6
6204,7
6205,3
6206,5
6207,4
6208,5
6209,5
6210,5
6211,1
6212,7
6213,3
6214,2
6215,6
6216,14
6217,13
6218,10
6219,14
6220,3
6221,12
6222,11
6223,1
6224,10
6225,2
6226,12
6227,5
6228,6
6229,10
6230,10
6231,9
6232,4
6233,11
6234,14
6235,12
6236,1
6237,3
6238,13
6239,3
6240,13
6241,3
6242,12
6243,6
6244,5
6245,9
6246,12
6247,7
6248,7
6249,3
6250,5
6251,3
6252,5
6253,1
6254,0
6255,4
6256,13
6257,7
6258,1
6259,5
6260,4
6261,5
6262,10
6263,10
6264,7
6265,13
6266,0
6267,11
6268,0
6269,0
6270,10
6271,5
6272,11
6273,10
6274,10
6275,9
6276,7
6277,0
6278,6
6279,1
6280,9
6281,14
6282,1
6283,12
6284,10
6285,0
6286,1
6287,5
6288,0
6289,13
6290,14
6291,3
6292,10
6293,0
6294,10
6295,5
6296,10
6297,7
6298,12
6299,5
6300,11
6301,7
6302,7
6303,13
6304,11
6305,13
6306,10
6307,6
6308,14
6309,12
6310,0
6311,13
6312,13
6313,13
6314,14
6315,5
6316,7
6317,13
6318,10
6319,13
6320,6
6321,5
6322,7
6323,6
6324,6
6325,14
6326,0
6327,12
6328,10
6329,11
6330,11
6331,14
6332,13
6333,10
6334,14
6335,12
6336,9
6337,13
6338,5
6339,1
6340,12
6341,6
6342,7
6343,11
6344,14
6345,6
6346,12
6347,14
6348,9
6349,6
6350,3
6351,6
6352,12
6353,14
6354,10
6355,5
6356,0
6357,4
6358,3
6359,2
6360,13
6361,11
6362,4
6363,5
6364,4
6365,1
6366,14
6367,7
6368,12
6369,10
6370,13
6371,0
6372,10
6373,14
6374,12
6375,12
6376,6
6377,13
6378,13
6379,0
6380,10
6381,0
6382,2
6383,9
6384,5
6385,5
6386,5
6387,13
6388,7
6389,5
6390,5
6391,10
6392,1
6393,3
6394,1
6395,8
6396,12
6397,6
6398,13
6399,13
6400,5
6401,12
6402,5
6403,12
6404,12
6405,7
6406,13
6407,14
6408,10
6409,12
6410,12
6411,4
6412,14
6413,14
6414,2
6415,14
6416,5
6417,14
6418,0
6419,9
6420,14
6421,10
6422,2
6423,12
6424,5
6425,3
6426,1
6427,7
6428,1
6429,10
6430,0
6431,13
6432,10
6433,12
6434,5
6435,3
6436,10
6437,5
6438,5
6439,0
6440,9
6441,3
6442,12
6443,1
6444,7
6445,12
6446,13
6447,10
6448,7
6449,3
6450,4
6451,1
6452,0
6453,7
6454,9
6455,0
6456,11
6457,5
6458,2
6459,2
6460,10
6461,5
6462,5
6463,12
6464,3
6465,7
6466,13
6467,14
6468,0
6469,1
6470,3
6471,0
6472,0
6473,7
6474,13
6475,12
6476,9
6477,2
6478,7
6479,6
6480,0
6481,12
6482,10
6483,14
6484,10
6485,2
6486,12
6487,7
6488,7
6489,6
6490,7
6491,10
6492,3
6493,0
6494,14
6495,14
6496,13
6497,10
6498,14
6499,13
6500,1
6501,6
6502,9
6503,11
6504,7
6505,0
6506,12
6507,0
6508,13
6509,0
6510,3
6511,5
6512,7
6513,4
6514,14
6515,4
6516,7
6517,6
6518,5
6519,3
6520,10
6521,0
6522,3
6523,10
6524,14
6525,2
6526,14
6527,1
6528,10
6529,2
6530,7
6531,5
6532,12
6533,1
6534,1
6535,1
6536,10
6537,1
6538,1
6539,7
6540,3
6541,12
6542,12
6543,13
6544,0
6545,5
6546,12
6547,1
6548,5
6549,13
6550,14
6551,5
6552,5
6553,12
6554,5
6555,10
6556,3
6557,10
6558,5
6559,14
6560,14
6561,13
6562,3
6563,12
6564,13
6565,3
6566,0
6567,14
6568,7
6569,0
6570,1
6571,11
6572,12
6573,5
6574,13
6575,14
6576,13
6577,3
6578,11
6579,10
6580,1
6581,7
6582,0
6583,7
6584,13
6585,13
6586,7
6587,10
6588,10
6589,12
6590,2
6591,9
6592,14
6593,14
6594,2
6595,7
6596,11
6597,0
6598,3
6599,5
6600,11
6601,7
6602,7
6603,11
6604,1
6605,13
6606,7
6607,1
6608,1
6609,0
6610,0
6611,0
6612,5
6613,10
6614,3
6615,13
6616,6
6617,5
6618,5
6619,12
6620,13
6621,5
6622,7
6623,11
6624,10
6625,10
6626,12
6627,13
6628,12
6629,3
6630,4
6631,0
6632,11
6633,2
6634,1
6635,3
6636,7
6637,1
6638,10
6639,0
6640,12
6641,13
6642,3
6643,3
6644,12
6645,4
6646,13
6647,14
6648,0
6649,10
6650,10
6651,7
6652,12
6653,3
6654,10
6655,9
6656,7
6657,12
6658,13
6659,4
6660,13
6661,14
6662,7
6663,4
6664,1
6665,2
6666,14
6667,10
6668,0
6669,14
6670,0
6671,1
6672,2
6673,2
6674,1
6675,5
6676,14
6677,3
6678,4
6679,11
6680,0
6681,7
6682,10
6683,3
6684,14
6685,1
6686,4
6687,0
6688,0
6689,12
6690,10
6691,5
6692,0
6693,10
6694,7
6695,14
6696,1
6697,11
6698,11
6699,6
6700,12
6701,13
6702,1
6703,0
6704,11
6705,13
6706,13
6707,4
6708,7
6709,11
6710,14
6711,0
6712,10
6713,14
6714,0
6715,14
6716,10
6717,5
6718,10
6719,14
6720,4
6721,1
6722,12
6723,6
6724,7
6725,12
6726,7
6727,14
6728,4
6729,5
6730,0
6731,11
6732,10
6733,13
6734,1
6735,12
6736,6
6737,9
6738,13
6739,13
6740,10
6741,3
6742,10
6743,7
6744,10
6745,14
6746,11
6747,5
6748,5
6749,2
6750,12
6751,0
6752,3
6753,13
6754,7
6755,9
6756,7
6757,12
6758,13
6759,13
6760,14
6761,11
6762,7
6763,10
6764,13
6765,3
6766,1
6767,3
6768,1
6769,10
6770,2
6771,6
6772,10
6773,3
6774,5
6775,14
6776,7
6777,13
6778,3
6779,1
6780,3
6781,3
6782,6
6783,1
6784,7
6785,7
6786,13
6787,0
6788,1
6789,10
6790,11
6791,14
6792,9
6793,10
6794,9
6795,12
6796,14
6797,7
6798,3
6799,7
6800,3
6801,3
6802,12
6803,1
6804,14
6805,11
6806,2
6807,5
6808,3
6809,12
6810,4
6811,14
6812,10
6813,9
6814,11
6815,0
6816,12
6817,12
6818,13
6819,13
6820,10
6821,2
6822,9
6823,7
6824,7
6825,2
6826,13
6827,11
6828,12
6829,0
6830,11
6831,13
6832,13
6833,3
6834,1
6835,0
6836,13
6837,9
6838,5
6839,1
6840,14
6841,4
6842,9
6843,10
6844,13
6845,10
6846,14
6847,13
6848,1
6849,13
6850,3
6851,9
6852,12
6853,5
6854,12
6855,7
6856,13
6857,5
6858,5
6859,4
6860,7
6861,0
6862,5
6863,6
6864,10
6865,0
6866,10
6867,6
6868,9
6869,7
6870,10
6871,9
6872,7
6873,0
6874,13
6875,0
6876,3
6877,7
6878,3
6879,13
6880,12
6881,5
6882,3
6883,10
6884,12
6885,3
6886,14
6887,0
6888,10
6889,13
6890,0
6891,3
6892,1
6893,1
6894,13
6895,7
6896,12
6897,2
6898,10
6899,12
6900,0
6901,3
6902,10
6903,0
6904,13
6905,9
6906,0
6907,10
6908,11
6909,10
6910,7
6911,1
6912,7
6913,12
6914,12
6915,3
6916,2
6917,5
6918,9
6919,4
6920,3
6921,3
6922,9
6923,6
6924,3
6925,13
6926,0
6927,13
6928,12
6929,10
6930,1
6931,1
6932,1
6933,14
6934,5
6935,1
6936,1
6937,5
6938,1
6939,10
6940,11
6941,0
6942,13
6943,10
6944,10
6945,13
6946,5
6947,10
6948,1
6949,14
6950,1
6951,0
6952,11
6953,14
6954,10
6955,3
6956,14
6957,7
6958,7
6959,10
6960,7
6961,7
6962,13
6963,5
6964,14
6965,5
6966,6
6967,2
6968,12
6969,7
6970,10
6971,12
6972,12
6973,3
6974,13
6975,3
6976,13
6977,12
6978,10
6979,13
6980,1
6981,5
6982,12
6983,10
6984,13
6985,10
6986,3
6987,5
6988,12
6989,5
6990,13
6991,1
6992,14
6993,2
6994,13
6995,10
6996,7
6997,14
6998,4
6999,7
7000,0
7001,13
7002,9
7003,10
7004,10
7005,1
7006,13
7007,12
7008,5
7009,1
7010,10
7011,7
7012,5
7013,1
7014,10
7015,0
7016,2
7017,10
7018,0
7019,2
7020,3
7021,10
7022,14
7023,3
7024,14
7025,0
7026,7
7027,13
7028,5
7029,13
7030,5
7031,13
7032,12
7033,14
7034,12
7035,0
7036,13
7037,0
7038,3
7039,1
7040,7
7041,7
7042,7
7043,7
7044,13
7045,2
7046,14
7047,3
7048,5
7049,7
7050,5
7051,10
7052,13
7053,0
7054,13
7055,7
7056,1
7057,10
7058,2
7059,3
7060,3
7061,4
7062,10
7063,7
7064,9
7065,11
7066,7
7067,7
7068,10
7069,10
7070,10
7071,5
7072,0
7073,1
7074,9
7075,5
7076,1
7077,12
7078,6
7079,5
7080,5
7081,1
7082,1
7083,14
7084,12
7085,14
7086,1
7087,14
7088,14
7089,9
7090,3
7091,14
7092,10
7093,10
7094,2
7095,2
7096,7
7097,13
7098,1
7099,3
7100,5
7101,9
7102,3
7103,13
7104,3
7105,0
7106,14
7107,12
7108,10
7109,13
7110,10
7111,7
7112,10
7113,13
7114,1
7115,12
7116,7
7117,14
7118,14
7119,12
7120,10
7121,0
7122,13
7123,12
7124,14
7125,7
7126,10
7127,0
7128,3
7129,10
7130,1
7131,3
7132,7
7133,4
7134,0
7135,0
7136,10
7137,10
7138,11
7139,3
7140,4
7141,3
7142,7
7143,10
7144,13
7145,3
7146,0
7147,11
7148,12
7149,12
7150,7
7151,4
7152,12
7153,5
7154,10
7155,0
7156,0
7157,6
7158,12
7159,9
7160,3
7161,0
7162,3
7163,9
7164,4
7165,9
7166,6
7167,9
7168,10
7169,9
7170,10
7171,10
7172,10
7173,7
7174,7
7175,10
7176,0
7177,13
7178,3
7179,1
7180,6
7181,4
7182,7
7183,10
7184,1
7185,3
7186,9
7187,12
7188,13
7189,6
7190,10
7191,1
7192,0
7193,14
7194,3
7195,7
7196,1
7197,1
7198,10
7199,0
7200,1
7201,13
7202,3
7203,13
7204,7
7205,9
7206,1
7207,3
7208,1
7209,2
7210,4
7211,7
7212,1
7213,0
7214,3
7215,12
7216,14
7217,3
7218,4
7219,7
7220,1
7221,12
7222,9
7223,2
7224,9
7225,12
7226,3
7227,10
7228,10
7229,1
7230,4
7231,7
7232,13
7233,0
7234,1
7235,10
7236,13
7237,1
7238,1
7239,4
7240,12
7241,1
7242,3
7243,6
7244,1
7245,7
7246,7
7247,5
7248,3
7249,1
7250,7
7251,10
7252,1
7253,10
7254,10
7255,5
7256,2
7257,1
7258,7
7259,14
7260,1
7261,5
7262,0
7263,5
7264,3
7265,3
7266,14
7267,1
7268,4
7269,0
7270,12
7271,12
7272,12
7273,1
7274,0
7275,5
7276,13
7277,0
7278,11
7279,3
7280,9
7281,10
7282,5
7283,10
7284,4
7285,7
7286,2
7287,11
7288,10
7289,0
7290,10
7291,10
7292,12
7293,14
7294,2
7295,7
7296,13
7297,12
7298,14
7299,11
7300,11
7301,0
7302,0
7303,7
7304,12
7305,11
7306,13
7307,0
7308,2
7309,6
7310,7
7311,7
7312,0
7313,10
7314,0
7315,7
7316,9
7317,12
7318,12
7319,12
7320,11
7321,14
7322,11
7323,7
7324,1
7325,4
7326,11
7327,2
7328,13
7329,1
7330,3
7331,6
7332,5
7333,7
7334,12
7335,0
7336,7
7337,9
7338,5
7339,10
7340,3
7341,5
7342,6
7343,10
7344,5
7345,7
7346,12
7347,0
7348,4
7349,11
7350,5
7351,5
7352,14
7353,5
7354,7
7355,12
7356,0
7357,4
7358,12
7359,10
7360,11
7361,12
7362,14
7363,9
7364,13
7365,12
7366,3
7367,5
7368,7
7369,1
7370,3
7371,2
7372,3
7373,7
7374,12
7375,5
7376,5
7377,13
7378,3
7379,14
7380,9
7381,7
7382,3
7383,12
7384,12
7385,10
7386,9
7387,10
7388,3
7389,14
7390,6
7391,12
7392,12
7393,0
7394,3
7395,6
7396,6
7397,10
7398,13
7399,1
7400,6
7401,13
7402,5
7403,0
7404,1
7405,12
7406,4
7407,7
7408,12
7409,10
7410,13
7411,12
7412,13
7413,13
7414,12
7415,10
7416,13
7417,5
7418,10
7419,6
7420,13
7421,14
7422,14
7423,12
7424,12
7425,10
7426,6
7427,3
7428,7
7429,12
7430,10
7431,6
7432,11
7433,0
7434,9
7435,6
7436,10
7437,5
7438,1
7439,4
7440,12
7441,0
7442,12
7443,3
7444,2
7445,3
7446,7
7447,13
7448,3
7449,7
7450,12
7451,14
7452,7
7453,5
7454,7
7455,11
7456,10
7457,7
7458,2
7459,12
7460,14
7461,6
7462,14
7463,0
7464,10
7465,13
7466,7
7467,14
7468,13
7469,2
7470,14
7471,7
7472,3
7473,0
7474,11
7475,3
7476,14
7477,7
7478,3
7479,5
7480,5
7481,13
7482,11
7483,2
7484,6
7485,7
7486,0
7487,10
7488,12
7489,13
7490,14
7491,1
7492,10
7493,3
7494,5
7495,13
7496,7
7497,5
7498,13
7499,3
7500,3
7501,14
7502,7
7503,11
7504,13
7505,3
7506,5
7507,5
7508,3
7509,13
7510,14
7511,10
7512,0
7513,5
7514,13
7515,9
7516,4
7517,7
7518,0
7519,14
7520,5
7521,1
7522,4
7523,10
7524,1
7525,1
7526,3
7527,0
7528,10
7529,14
7530,5
7531,11
7532,10
7533,0
7534,13
7535,14
7536,11
7537,12
7538,13
7539,5
7540,7
7541,2
7542,2
7543,7
7544,14
7545,12
7546,1
7547,1
7548,10
7549,0
7550,12
7551,2
7552,7
7553,0
7554,12
7555,5
7556,3
7557,13
7558,1
7559,13
7560,6
7561,6
7562,12
7563,13
7564,6
7565,12
7566,5
7567,12
7568,11
7569,7
7570,14
7571,13
7572,4
7573,6
7574,5
7575,10
7576,12
7577,10
7578,5
7579,13
7580,14
7581,3
7582,14
7583,13
7584,14
7585,0
7586,3
7587,1
7588,6
7589,5
7590,13
7591,5
7592,0
7593,12
7594,0
7595,2
7596,6
7597,13
7598,1
7599,2
7600,12
7601,14
7602,14
7603,10
7604,6
7605,10
7606,1
7607,5
7608,6
7609,0
7610,1
7611,5
7612,2
7613,13
7614,12
7615,2
7616,5
7617,3
7618,10
7619,12
7620,10
7621,14
7622,10
7623,11
7624,10
7625,7
7626,5
7627,12
7628,6
7629,5
7630,10
7631,2
7632,14
7633,10
7634,5
7635,13
7636,10
7637,9
7638,10
7639,4
7640,2
7641,2
7642,12
7643,1
7644,4
7645,0
7646,12
7647,13
7648,9
7649,10
7650,5
7651,10
7652,0
7653,10
7654,4
7655,13
7656,7
7657,0
7658,0
7659,13
7660,12
7661,14
7662,2
7663,14
7664,3
7665,7
7666,7
7667,14
7668,7
7669,3
7670,11
7671,2
7672,4
7673,14
7674,7
7675,10
7676,10
7677,3
7678,10
7679,3
7680,4
7681,12
7682,14
7683,9
7684,12
7685,14
7686,5
7687,0
7688,3
7689,4
7690,10
7691,2
7692,10
7693,3
7694,1
7695,12
7696,6
7697,0
7698,10
7699,14
7700,11
7701,5
7702,14
7703,13
7704,5
7705,13
7706,14
7707,1
7708,3
7709,1
7710,1
7711,5
7712,1
7713,10
7714,10
7715,1
7716,14
7717,10
7718,11
7719,11
7720,10
7721,2
7722,0
7723,12
7724,12
7725,13
7726,7
7727,10
7728,5
7729,12
7730,14
7731,14
7732,11
7733,10
7734,2
7735,14
7736,14
7737,7
7738,5
7739,13
7740,5
7741,13
7742,2
7743,0
7744,12
7745,0
7746,2
7747,0
7748,11
7749,9
7750,1
7751,6
7752,12
7753,12
7754,13
7755,7
7756,5
7757,3
7758,5
7759,6
7760,5
7761,0
7762,0
7763,9
7764,12
7765,11
7766,9
7767,7
7768,6
7769,10
7770,11
7771,13
7772,5
7773,0
7774,11
7775,11
7776,5
7777,9
7778,10
7779,9
7780,13
7781,11
7782,10
7783,0
7784,7
7785,5
7786,0
7787,3
7788,10
7789,7
7790,13
7791,6
7792,1
7793,0
7794,1
7795,10
7796,4
7797,9
7798,2
7799,11
7800,12
7801,7
7802,7
7803,3
7804,10
7805,12
7806,4
7807,14
7808,13
7809,5
7810,11
7811,1
7812,5
7813,1
7814,12
7815,9
7816,5
7817,7
7818,7
7819,7
7820,14
7821,10
7822,9
7823,0
7824,5
7825,7
7826,12
7827,3
7828,5
7829,13
7830,0
7831,9
7832,5
7833,3
7834,7
7835,12
7836,3
7837,5
7838,3
7839,3
7840,10
7841,14
7842,10
7843,12
7844,5
7845,1
7846,13
7847,5
7848,13
7849,14
7850,2
7851,7
7852,1
7853,14
7854,5
7855,5
7856,4
7857,9
7858,14
7859,3
7860,0
7861,1
7862,14
7863,12
7864,7
7865,2
7866,0
7867,6
7868,14
7869,14
7870,7
7871,12
7872,10
7873,10
7874,0
7875,0
7876,7
7877,12
7878,9
7879,10
7880,0
7881,9
7882,13
7883,13
7884,10
7885,14
7886,5
7887,10
7888,14
7889,12
7890,7
7891,14
7892,0
7893,11
7894,13
7895,11
7896,10
7897,11
7898,2
7899,10
7900,4
7901,1
7902,2
7903,3
7904,14
7905,0
7906,9
7907,7
7908,7
7909,14
7910,12
7911,3
7912,3
7913,14
7914,6
7915,3
7916,10
7917,1
7918,14
7919,9
7920,10
7921,10
7922,9
7923,10
7924,9
7925,5
7926,12
7927,14
7928,0
7929,13
7930,12
7931,2
7932,11
7933,1
7934,9
7935,3
7936,3
7937,1
7938,7
7939,13
7940,13
7941,9
7942,12
7943,2
7944,0
7945,13
7946,1
7947,10
7948,14
7949,3
7950,12
7951,1
7952,2
7953,3
7954,12
7955,13
7956,14
7957,0
7958,5
7959,8
7960,3
7961,0
7962,0
7963,12
7964,11
7965,7
7966,3
7967,12
7968,12
7969,3
7970,10
7971,14
7972,14
7973,3
7974,10
7975,10
7976,13
7977,1
7978,4
7979,14
7980,12
7981,14
7982,0
7983,5
7984,3
7985,0
7986,1
7987,7
7988,10
7989,3
7990,3
7991,12
7992,5
7993,7
7994,1
7995,2
7996,10
7997,13
7998,10
7999,0
8000,14
8001,4
8002,5
8003,5
8004,10
8005,6
8006,12
8007,13
8008,7
8009,7
8010,2
8011,13
8012,1
8013,12
8014,3
8015,5
8016,6
8017,12
8018,9
8019,12
8020,12
8021,10
8022,10
8023,9
8024,13
8025,11
8026,10
8027,3
8028,3
8029,6
8030,12
8031,2
8032,6
8033,7
8034,10
8035,5
8036,7
8037,3
8038,5
8039,13
8040,5
8041,5
8042,13
8043,10
8044,5
8045,3
8046,6
8047,1
8048,0
8049,1
8050,13
8051,6
8052,2
8053,7
8054,14
8055,1
8056,10
8057,5
8058,3
8059,3
8060,13
8061,12
8062,12
8063,3
8064,10
8065,1
8066,0
8067,9
8068,7
8069,11
8070,3
8071,2
8072,12
8073,10
8074,5
8075,2
8076,4
8077,1
8078,13
8079,10
8080,14
8081,7
8082,10
8083,6
8084,10
8085,11
8086,12
8087,1
8088,7
8089,14
8090,4
8091,7
8092,7
8093,1
8094,7
8095,14
8096,10
8097,7
8098,10
8099,12
8100,1
8101,5
8102,13
8103,10
8104,5
8105,13
8106,3
8107,14
8108,7
8109,14
8110,12
8111,10
8112,0
8113,12
8114,3
8115,1
8116,10
8117,3
8118,10
8119,10
8120,6
8121,1
8122,5
8123,12
8124,5
8125,12
8126,13
8127,3
8128,7
8129,10
8130,5
8131,4
8132,14
8133,2
8134,14
8135,13
8136,7
8137,5
8138,7
8139,12
8140,13
8141,4
8142,2
8143,13
8144,4
8145,1
8146,1
8147,7
8148,5
8149,7
8150,7
8151,11
8152,13
8153,5
8154,4
8155,5
8156,6
8157,12
8158,11
8159,5
8160,7
8161,5
8162,1
8163,6
8164,13
8165,0
8166,10
8167,0
8168,14
8169,14
8170,10
8171,13
8172,7
8173,2
8174,2
8175,7
8176,14
8177,12
8178,5
8179,6
8180,14
8181,1
8182,1
8183,14
8184,1
8185,12
8186,11
8187,0
8188,1
8189,12
8190,11
8191,3
8192,10
8193,13
8194,12
8195,14
8196,7
8197,2
8198,3
8199,1
8200,6
8201,10
8202,10
8203,7
8204,12
8205,2
8206,14
8207,14
8208,11
8209,10
8210,3
8211,10
8212,1
8213,4
8214,3
8215,0
8216,7
8217,12
8218,10
8219,1
8220,5
8221,2
8222,0
8223,5
8224,12
8225,5
8226,7
8227,12
8228,6
8229,0
8230,11
8231,13
8232,13
8233,1
8234,1
8235,1
8236,12
8237,11
8238,13
8239,10
8240,2
8241,12
8242,7
8243,7
8244,3
8245,1
8246,4
8247,3
8248,0
8249,7
8250,14
8251,7
8252,13
8253,7
8254,14
8255,13
8256,5
8257,3
8258,10
8259,13
8260,1
8261,7
8262,13
8263,12
8264,10
8265,7
8266,7
8267,3
8268,2
8269,1
8270,13
8271,3
8272,13
8273,14
8274,12
8275,4
8276,12
8277,10
8278,3
8279,14
8280,14
8281,3
8282,11
8283,5
8284,5
8285,10
8286,9
8287,12
8288,14
8289,7
8290,3
8291,12
8292,13
8293,2
8294,13
8295,9
8296,10
8297,1
8298,3
8299,13
8300,10
8301,7
8302,10
8303,7
8304,3
8305,0
8306,1
8307,14
8308,5
8309,3
8310,5
8311,1
8312,14
8313,3
8314,12
8315,5
8316,13
8317,14
8318,1
8319,1
8320,13
8321,4
8322,5
8323,0
8324,14
8325,7
8326,3
8327,7
8328,3
8329,7
8330,7
8331,3
8332,14
8333,0
8334,7
8335,10
8336,5
8337,4
8338,2
8339,3
8340,9
8341,4
8342,10
8343,0
8344,10
8345,3
8346,6
8347,5
8348,10
8349,10
8350,3
8351,2
8352,12
8353,0
8354,13
8355,3
8356,3
8357,12
8358,2
8359,12
8360,10
8361,2
8362,6
8363,13
8364,5
8365,9
8366,5
8367,14
8368,3
8369,9
8370,10
8371,2
8372,5
8373,3
8374,14
8375,14
8376,13
8377,0
8378,10
8379,3
8380,10
8381,10
8382,3
8383,11
8384,3
8385,10
8386,3
8387,1
8388,3
8389,10
8390,7
8391,12
8392,2
8393,12
8394,6
8395,14
8396,5
8397,12
8398,6
8399,5
8400,13
8401,12
8402,13
8403,12
8404,10
8405,1
8406,10
8407,12
8408,13
8409,12
8410,3
8411,3
8412,7
8413,13
8414,6
8415,5
8416,14
8417,11
8418,7
8419,5
8420,0
8421,14
8422,4
8423,7
8424,12
8425,3
8426,0
8427,11
8428,0
8429,0
8430,3
8431,3
8432,10
8433,12
8434,10
8435,10
8436,13
8437,13
8438,14
8439,7
8440,13
8441,3
8442,2
8443,0
8444,2
8445,13
8446,1
8447,9
8448,0
8449,5
8450,11
8451,3
8452,2
8453,1
8454,10
8455,10
8456,7
8457,9
8458,1
8459,13
8460,10
8461,7
8462,14
8463,0
8464,13
8465,12
8466,3
8467,7
8468,1
8469,13
8470,7
8471,3
8472,1
8473,7
8474,12
8475,7
8476,9
8477,7
8478,0
8479,9
8480,12
8481,2
8482,7
8483,1
8484,13
8485,13
8486,13
8487,10
8488,7
8489,10
8490,7
8491,5
8492,13
8493,1
8494,1
8495,6
8496,1
8497,1
8498,1
8499,7
8500,1
8501,1
8502,1
8503,13
8504,0
8505,12
8506,13
8507,13
8508,1
8509,1
8510,6
8511,14
8512,2
8513,10
8514,0
8515,9
8516,3
8517,10
8518,10
8519,8
8520,13
8521,1
8522,7
8523,3
8524,1
8525,10
8526,10
8527,1
8528,1
8529,6
8530,13
8531,7
8532,0
8533,3
8534,10
8535,3
8536,13
8537,7
8538,13
8539,13
8540,1
8541,3
8542,7
8543,0
8544,0
8545,4
8546,14
8547,7
8548,10
8549,10
8550,5
8551,3
8552,0
8553,5
8554,14
8555,3
8556,7
8557,7
8558,6
8559,12
8560,6
8561,2
8562,12
8563,3
8564,13
8565,7
8566,10
8567,13
8568,11
8569,13
8570,10
8571,11
8572,4
8573,14
8574,6
8575,3
8576,10
8577,2
8578,3
8579,4
8580,10
8581,10
8582,3
8583,6
8584,12
8585,13
8586,7
8587,0
8588,9
8589,10
8590,4
8591,3
8592,12
8593,13
8594,12
8595,13
8596,0
8597,7
8598,0
8599,10
8600,12
8601,12
8602,6
8603,13
8604,13
8605,14
8606,12
8607,3
8608,14
8609,1
8610,11
8611,7
8612,14
8613,3
8614,13
8615,1
8616,5
8617,11
8618,9
8619,12
8620,7
8621,6
8622,3
8623,2
8624,9
8625,10
8626,0
8627,3
8628,0
8629,4
8630,10
8631,3
8632,4
8633,9
8634,4
8635,13
8636,4
8637,7
8638,11
8639,1
8640,4
8641,12
8642,7
8643,11
8644,3
8645,3
8646,14
8647,14
8648,10
8649,14
8650,13
8651,3
8652,12
8653,2
8654,1
8655,12
8656,1
8657,10
8658,10
8659,2
8660,3
8661,0
8662,3
8663,0
8664,10
8665,1
8666,5
8667,0
8668,1
8669,7
8670,10
8671,12
8672,2
8673,13
8674,5
8675,3
8676,12
8677,12
8678,10
8679,3
8680,14
8681,14
8682,9
8683,5
8684,10
8685,5
8686,10
8687,9
8688,0
8689,14
8690,12
8691,13
8692,12
8693,5
8694,7
8695,3
8696,10
8697,7
8698,14
8699,13
8700,0
8701,0
8702,10
8703,7
8704,13
8705,1
8706,5
8707,14
8708,1
8709,1
8710,2
8711,10
8712,7
8713,13
8714,12
8715,7
8716,6
8717,3
8718,7
8719,10
8720,14
8721,6
8722,7
8723,14
8724,12
8725,13
8726,7
8727,13
8728,11
8729,5
8730,3
8731,5
8732,11
8733,1
8734,12
8735,11
8736,2
8737,1
8738,0
8739,5
8740,5
8741,14
8742,0
8743,13
8744,0
8745,12
8746,13
8747,12
8748,2
8749,7
8750,7
8751,14
8752,13
8753,11
8754,12
8755,3
8756,3
8757,5
8758,1
8759,5
8760,2
8761,13
8762,2
8763,7
8764,3
8765,13
8766,14
8767,1
8768,4
8769,5
8770,7
8771,7
8772,14
8773,5
8774,13
8775,9
8776,9
8777,10
8778,3
8779,6
8780,5
8781,10
8782,13
8783,3
8784,10
8785,12
8786,9
8787,12
8788,1
8789,13
8790,1
8791,0
8792,0
8793,12
8794,14
8795,10
8796,13
8797,11
8798,10
8799,13
8800,11
8801,7
8802,14
8803,14
8804,0
8805,14
8806,0
8807,5
8808,12
8809,0
8810,7
8811,12
8812,5
8813,5
8814,10
8815,12
8816,5
8817,2
8818,10
8819,7
8820,2
8821,3
8822,12
8823,3
8824,10
8825,13
8826,3
8827,9
8828,10
8829,14
8830,1
8831,11
8832,10
8833,9
8834,10
8835,11
8836,2
8837,14
8838,14
8839,5
8840,12
8841,6
8842,5
8843,13
8844,5
8845,3
8846,5
8847,3
8848,7
8849,10
8850,12
8851,10
8852,7
8853,12
8854,3
8855,10
8856,10
8857,7
8858,10
8859,13
8860,5
8861,7
8862,14
8863,13
8864,0
8865,13
8866,13
8867,7
8868,10
8869,3
8870,5
8871,1
8872,0
8873,5
8874,7
8875,3
8876,10
8877,13
8878,10
8879,12
8880,3
8881,12
8882,14
8883,13
8884,7
8885,13
8886,12
8887,12
8888,14
8889,3
8890,7
8891,6
8892,0
8893,10
8894,13
8895,12
8896,7
8897,7
8898,14
8899,3
8900,12
8901,12
8902,9
8903,12
8904,9
8905,9
8906,0
8907,3
8908,1
8909,13
8910,5
8911,10
8912,13
8913,0
8914,10
8915,6
8916,14
8917,12
8918,14
8919,7
8920,6
8921,7
8922,13
8923,12
8924,7
8925,11
8926,7
8927,9
8928,12
8929,13
8930,1
8931,3
8932,0
8933,11
8934,10
8935,12
8936,13
8937,5
8938,3
8939,7
8940,7
8941,5
8942,10
8943,5
8944,13
8945,5
8946,5
8947,3
8948,1
8949,4
8950,0
8951,10
8952,10
8953,1
8954,1
8955,5
8956,2
8957,9
8958,3
8959,12
8960,12
8961,0
8962,10
8963,12
8964,13
8965,11
8966,3
8967,6
8968,11
8969,14
8970,10
8971,13
8972,7
8973,0
8974,0
8975,14
8976,2
8977,9
8978,14
8979,10
8980,7
8981,5
8982,7
8983,7
8984,12
8985,12
8986,13
8987,7
8988,5
8989,2
8990,1
8991,10
8992,10
8993,3
8994,7
8995,2
8996,5
8997,11
8998,2
8999,11
9000,14
9001,2
9002,12
9003,7
9004,10
9005,12
9006,7
9007,12
9008,10
9009,4
9010,10
9011,0
9012,5
9013,2
9014,14
9015,4
9016,0
9017,10
9018,10
9019,13
9020,10
9021,14
9022,5
9023,12
9024,5
9025,13
9026,10
9027,7
9028,7
9029,10
9030,6
9031,13
9032,5
9033,0
9034,10
9035,3
9036,11
9037,0
9038,13
9039,7
9040,5
9041,12
9042,1
9043,7
9044,2
9045,12
9046,14
9047,0
9048,2
9049,14
9050,6
9051,7
9052,2
9053,10
9054,7
9055,13
9056,7
9057,12
9058,9
9059,5
9060,2
9061,1
9062,2
9063,12
9064,12
9065,3
9066,10
9067,12
9068,0
9069,10
9070,10
9071,12
9072,1
9073,12
9074,0
9075,14
9076,12
9077,10
9078,12
9079,3
9080,0
9081,14
9082,14
9083,11
9084,4
9085,13
9086,13
9087,9
9088,5
9089,3
9090,13
9091,7
9092,1
9093,11
9094,4
9095,3
9096,1
9097,12
9098,6
9099,1
9100,10
9101,13
9102,13
9103,12
9104,0
9105,3
9106,13
9107,3
9108,3
9109,14
9110,7
9111,12
9112,3
9113,0
9114,13
9115,13
9116,0
9117,2
9118,5
9119,13
9120,13
9121,12
9122,11
9123,7
9124,12
9125,4
9126,13
9127,7
9128,12
9129,3
9130,5
9131,0
9132,9
9133,5
9134,10
9135,14
9136,13
9137,13
9138,10
9139,1
9140,7
9141,5
9142,9
9143,14
9144,3
9145,4
9146,14
9147,5
9148,0
9149,2
9150,10
9151,5
9152,14
9153,13
9154,13
9155,4
9156,9
9157,12
9158,13
9159,0
9160,5
9161,2
9162,7
9163,2
9164,10
9165,7
9166,7
9167,1
9168,14
9169,1
9170,1
9171,14
9172,10
9173,10
9174,10
9175,9
9176,3
9177,14
9178,1
9179,2
9180,9
9181,2
9182,5
9183,13
9184,6
9185,12
9186,9
9187,14
9188,5
9189,12
9190,6
9191,1
9192,10
9193,5
9194,10
9195,3
9196,5
9197,7
9198,5
9199,14
9200,0
9201,12
9202,2
9203,7
9204,12
9205,14
9206,3
9207,10
9208,12
9209,10
9210,7
9211,0
9212,0
9213,9
9214,11
9215,3
9216,0
9217,13
9218,3
9219,12
9220,1
9221,3
9222,12
9223,13
9224,10
9225,5
9226,13
9227,7
9228,13
9229,7
9230,3
9231,6
9232,13
9233,13
9234,5
9235,14
9236,10
9237,12
9238,13
9239,12
9240,7
9241,11
9242,11
9243,2
9244,5
9245,14
9246,2
9247,0
9248,5
9249,7
9250,14
9251,3
9252,3
9253,13
9254,11
9255,2
9256,0
9257,1
9258,7
9259,3
9260,10
9261,3
9262,13
9263,14
9264,7
9265,10
9266,3
9267,13
9268,0
9269,3
9270,2
9271,3
9272,0
9273,7
9274,5
9275,13
9276,14
9277,6
9278,0
9279,13
9280,2
9281,12
9282,13
9283,7
9284,7
9285,13
9286,7
9287,9
9288,4
9289,1
9290,5
9291,3
9292,6
9293,5
9294,3
9295,10
9296,0
9297,3
9298,7
9299,12
9300,0
9301,10
9302,7
9303,12
9304,13
9305,1
9306,12
9307,0
9308,4
9309,5
9310,12
9311,11
9312,1
9313,9
9314,3
9315,3
9316,2
9317,11
9318,1
9319,4
9320,7
9321,5
9322,7
9323,14
9324,2
9325,7
9326,5
9327,11
9328,3
9329,2
9330,7
9331,4
9332,5
9333,14
9334,14
9335,14
9336,4
9337,12
9338,0
9339,11
9340,14
9341,13
9342,14
9343,3
9344,1
9345,12
9346,0
9347,1
9348,7
9349,2
9350,6
9351,14
9352,7
9353,7
9354,3
9355,13
9356,3
9357,7
9358,13
9359,7
9360,1
9361,8
9362,12
9363,13
9364,3
9365,10
9366,10
9367,14
9368,4
9369,12
9370,2
9371,12
9372,2
9373,11
9374,12
9375,0
9376,10
9377,12
9378,14
9379,3
9380,13
9381,7
9382,1
9383,3
9384,2
9385,13
9386,2
9387,12
9388,5
9389,12
9390,6
9391,13
9392,12
9393,6
9394,14
9395,2
9396,3
9397,1
9398,6
9399,6
9400,0
9401,1
9402,14
9403,11
9404,7
9405,13
9406,5
9407,12
9408,12
9409,5
9410,0
9411,6
9412,12
9413,2
9414,14
9415,12
9416,9
9417,7
9418,7
9419,4
9420,12
9421,1
9422,0
9423,12
9424,13
9425,13
9426,12
9427,3
9428,0
9429,12
9430,10
9431,2
9432,13
9433,14
9434,13
9435,0
9436,10
9437,2
9438,13
9439,2
9440,6
9441,6
9442,3
9443,3
9444,2
9445,10
9446,1
9447,11
9448,1
9449,0
9450,13
9451,12
9452,7
9453,12
9454,12
9455,14
9456,6
9457,7
9458,10
9459,11
9460,2
9461,7
9462,5
9463,9
9464,3
9465,12
9466,12
9467,10
9468,5
9469,6
9470,13
9471,1
9472,1
9473,1
9474,3
9475,12
9476,13
9477,10
9478,2
9479,0
9480,14
9481,14
9482,13
9483,12
9484,10
9485,3
9486,3
9487,10
9488,12
9489,13
9490,5
9491,0
9492,2
9493,12
9494,12
9495,10
9496,6
9497,9
9498,11
9499,13
9500,1
9501,3
9502,1
9503,6
9504,0
9505,4
9506,13
9507,4
9508,13
9509,7
9510,14
9511,7
9512,12
9513,11
9514,11
9515,0
9516,13
9517,3
9518,14
9519,7
9520,5
9521,13
9522,14
9523,10
9524,5
9525,2
9526,12
9527,13
9528,6
9529,3
9530,6
9531,0
9532,13
9533,14
9534,9
9535,1
9536,10
9537,13
9538,13
9539,10
9540,1
9541,14
9542,1
9543,13
9544,2
9545,10
9546,13
9547,12
9548,10
9549,5
9550,10
9551,6
9552,11
9553,12
9554,2
9555,7
9556,5
9557,2
9558,3
9559,5
9560,13
9561,1
9562,5
9563,13
9564,3
9565,12
9566,13
9567,10
9568,2
9569,3
9570,3
9571,7
9572,5
9573,14
9574,3
9575,0
9576,9
9577,4
9578,12
9579,1
9580,1
9581,5
9582,7
9583,14
9584,0
9585,0
9586,2
9587,13
9588,10
9589,14
9590,14
9591,9
9592,5
9593,9
9594,5
9595,2
9596,12
9597,12
9598,10
9599,5
9600,2
9601,7
9602,3
9603,2
9604,14
9605,2
9606,6
9607,9
9608,3
9609,3
9610,12
9611,1
9612,7
9613,10
9614,2
9615,3
9616,10
9617,5
9618,6
9619,9
9620,13
9621,12
9622,2
9623,12
9624,5
9625,3
9626,5
9627,2
9628,10
9629,3
9630,1
9631,10
9632,5
9633,7
9634,10
9635,13
9636,7
9637,1
9638,3
9639,7
9640,12
9641,12
9642,9
9643,12
9644,1
9645,13
9646,10
9647,4
9648,7
9649,14
9650,3
9651,14
9652,0
9653,7
9654,1
9655,10
9656,13
9657,0
9658,1
9659,1
9660,10
9661,1
9662,13
9663,12
9664,3
9665,3
9666,6
9667,2
9668,0
9669,3
9670,10
9671,10
9672,5
9673,0
9674,10
9675,2
9676,5
9677,11
9678,13
9679,6
9680,0
9681,0
9682,12
9683,3
9684,12
9685,10
9686,2
9687,5
9688,0
9689,0
9690,11
9691,2
9692,12
9693,12
9694,0
9695,10
9696,14
9697,2
9698,10
9699,13
9700,1
9701,7
9702,10
9703,2
9704,7
9705,2
9706,2
9707,7
9708,1
9709,7
9710,2
9711,13
9712,7
9713,7
9714,14
9715,6
9716,3
9717,5
9718,5
9719,10
9720,9
9721,13
9722,12
9723,14
9724,13
9725,14
9726,1
9727,7
9728,2
9729,3
9730,5
9731,1
9732,14
9733,2
9734,7
9735,4
9736,4
9737,13
9738,4
9739,10
9740,3
9741,6
9742,13
9743,2
9744,7
9745,3
9746,1
9747,14
9748,0
9749,6
9750,5
9751,13
9752,10
9753,12
9754,12
9755,10
9756,0
9757,12
9758,5
9759,5
9760,10
9761,12
9762,2
9763,3
9764,13
9765,14
9766,6
9767,2
9768,10
9769,10
9770,11
9771,6
9772,3
9773,10
9774,0
9775,12
9776,4
9777,14
9778,12
9779,3
9780,3
9781,2
9782,10
9783,13
9784,14
9785,13
9786,11
9787,14
9788,0
9789,2
9790,10
9791,3
9792,2
9793,1
9794,5
9795,0
9796,2
9797,0
9798,14
9799,1
9800,5
9801,14
9802,11
9803,4
9804,7
9805,3
9806,9
9807,13
9808,1
9809,4
9810,0
9811,5
9812,0
9813,9
9814,12
9815,11
9816,3
9817,2
9818,14
9819,2
9820,6
9821,10
9822,6
9823,10
9824,5
9825,3
9826,13
9827,10
9828,14
9829,1
9830,4
9831,5
9832,9
9833,0
9834,12
9835,6
9836,12
9837,0
9838,5
9839,13
9840,9
9841,10
9842,0
9843,2
9844,0
9845,12
9846,12
9847,6
9848,6
9849,5
9850,13
9851,13
9852,13
9853,5
9854,0
9855,13
9856,7
9857,0
9858,12
9859,3
9860,2
9861,4
9862,0
9863,6
9864,10
9865,3
9866,5
9867,2
9868,1
9869,12
9870,14
9871,12
9872,7
9873,1
9874,1
9875,13
9876,10
9877,0
9878,9
9879,10
9880,11
9881,10
9882,6
9883,10
9884,7
9885,14
9886,9
9887,11
9888,2
9889,7
9890,13
9891,7
9892,5
9893,3
9894,2
9895,10
9896,6
9897,12
9898,10
9899,0
9900,6
9901,3
9902,4
9903,2
9904,1
9905,13
9906,12
9907,14
9908,14
9909,7
9910,0
9911,13
9912,13
9913,0
9914,10
9915,2
9916,2
9917,10
9918,6
9919,9
9920,7
9921,14
9922,5
9923,3
9924,7
9925,4
9926,1
9927,10
9928,5
9929,7
9930,3
9931,5
9932,3
9933,10
9934,1
9935,7
9936,13
9937,4
9938,5
9939,1
9940,10
9941,13
9942,1
9943,10
9944,12
9945,10
9946,6
9947,10
9948,0
9949,3
9950,3
9951,1
9952,9
9953,1
9954,3
9955,12
9956,13
9957,13
9958,9
9959,4
9960,3
9961,4
9962,10
9963,13
9964,1
9965,7
9966,7
9967,4
9968,4
9969,6
9970,7
9971,0
9972,1
9973,13
9974,3
9975,10
9976,10
9977,7
9978,6
9979,0
9980,1
9981,4
9982,10
9983,0
9984,7
9985,10
9986,3
9987,13
9988,7
9989,12
9990,4
9991,4
9992,14
9993,13
9994,9
9995,1
9996,13
9997,3
9998,10
9999,10
